fichier,statut,sha256_avant,sha256_apres
404.html,modifié,b5aa550f0bd6020de4518d06fdbd09630a6e564e9400ae11a10341ded1d5cdbf,16c4f7bc5a073133d0b2ff81f4c9e20a5b4b354a206b8631c0faea3a37426b8f
LISEZ-MOI.md,supprimé du chemin initial,bea9d134ffd861121ac6fb9821a8454300148f1ee26b81dbb40e03b4f994f147,
LISEZ-MOI.txt,supprimé du chemin initial,18ba67880a1db9a650a208456629206be74b57ca70f5f947e1bea5715b5e39eb,
PHOTOS.md,modifié,2dc85cb0bb9e94fd6c649eb730146595eb0bce9ec6729ec21d47b8b0600c891d,f8ada0432e85eeb8877ebc5c2c190c32c5079e725a8c92a1b234a8e8f6e38249
RAPPORT-15-09.md,supprimé du chemin initial,c576af8bb2f0cfac319fef17a6034491c03c6bbc89de2f2a580af1be42636d85,
README.md,modifié,2af871bfb9032ce11c4bcb3c1dfb043be1dd3ddbfd8d0360c48b9b7a2a2ccc72,7a59d97b3027adf4f7c18c1916fafff50ce7a276bb01d539ccdab660b5cb7001
a-propos.html,modifié,c9ac3ea44ca3eac08e64bad9582d9e54bfd2b4d9e2349e71764c9f2c09bfaf06,4a45a31264e4c63e5035b3c12deb46ce97c205a46952e384e43e66ccf414be67
app.js,modifié,fff80c00db1a0d61f63636882efcb61daf2a24aefb1ee19b40f36e3770a16d6a,5323e434de8b88ed20446db11739b35bb05a5ebb18decc84d3139a604be6ac2d
archive/legacy/LISEZ-MOI.md,créé,,bea9d134ffd861121ac6fb9821a8454300148f1ee26b81dbb40e03b4f994f147
archive/legacy/LISEZ-MOI.txt,créé,,18ba67880a1db9a650a208456629206be74b57ca70f5f947e1bea5715b5e39eb
archive/legacy/RAPPORT-15-09.md,créé,,c576af8bb2f0cfac319fef17a6034491c03c6bbc89de2f2a580af1be42636d85
archive/legacy/README.md,créé,,2af871bfb9032ce11c4bcb3c1dfb043be1dd3ddbfd8d0360c48b9b7a2a2ccc72
archive/legacy/build.js,créé,,5c4e4fc80ba10617ac0a761fc26af0661f935af74fdc8fa4b0b5c418eee34396
archive/legacy/fiches-gen.js,créé,,2d769b31e03c5c93e25d68583f5cec65100af6162ec71a9872f9656f9fee72ff
archive/legacy/nouveaux.js,créé,,b3076f6da2c6d06ca6276466f453bf18d7d81007867a44899266769eb21cc834
archive/legacy/vehicules/final.js,créé,,12620c64334584db5aab5fa7aea1e5e082a385e1f12efe88740dc49845406d12
archive/legacy/vehicules/gen.js,créé,,61aa54e5deaadf65e147675df1e7251b1d457e81994c3323873b4b7e6fa1ff99
archive/legacy/vehicules/search-index.js,créé,,b19a27e5d19dab60262a59b88d825108d3636e20bd1e91c3730f77b97a533eaa
archive/legacy/vehicules/sitemap-fiches.xml,créé,,7b51238536a8d37b66355fd3a92b98b224605800299d17c6e1fe74cb0e8096ea
archive/legacy/vehicules/sitemap.xml,créé,,c9fe47ce75bc890b1b2a6074177537aa2ad120fed02ce14d94081d0b5f8c78b1
archive/legacy/vehicules/vehicules-data.js,créé,,d95f24b81a2ee234772b99ddc902dae345ea2604796e0e2e24d7805c850cf377
armes.html,modifié,232c722be17ead8a2655f530ddb698fe395b1c8e4abdfdcfd5fc0ed34ae77594,534d16c6a1d9b110af6efa1a85bddcb57403b1e9141dc79ded3359c1a6622f04
armes/batte.html,modifié,b7ce7f87b64f565752cae6b725f93e828d6463e485fd53cb22907a9319c146c0,4e494d1a0051e8d251b56b4f6b353a43946b09520f9dc4562a16f0411ce2c47a
armes/carabine.html,modifié,8b75babae018ec7cf9a98854c2dea78b58da29d8137972f54e71f49b0118a156,91197e35cd54406eb7a67678889063b2552b57f619147592a5ec8faf2b6c5659
armes/club-golf.html,modifié,e7537c03760dedfbde99e54135e0057e9b02f2fb3212fdeb411a4c9c621c0174,e7b3eba9ed11f06f65ce055262356e048df0522087314688ef4a2059aea2697f
armes/couteau-cran.html,modifié,562d539b798e7441ed55dae08215bc9d74fcb81f761be7f445366702e057b774,e278d6db642a1e2144ca5856888ab06b2cfe3c0a34a5e5e5c36611246d0ed5fc
armes/fumigene.html,modifié,910bf093b710f88549522dd2c8fed0307b3b716475f248ec88fabcdaf607ec3f,ef66f3655ee04b3e14ca41b547addbf9d93eaeea48bc57a697b9d43f89143e80
armes/fusil-assaut.html,modifié,23c6649445a26a7d6d5a0d03c777e79f304c661afdb500b48ddb5dcdbaca4bbf,977e89b0d7f748e15eb20837baaef8d6ccc2bd7aafc5e0a6629cad1e4f16b94e
armes/fusil-double.html,modifié,32e0a16402e473fa669ed9881ff2a400d218b4a388f3642623dc985de40b578d,3b2913f70173cd2e003af0b5e89a518f50cd4d7ba791d851118a03ae68b67c68
armes/fusil-pompe.html,modifié,acd6609d7f54843fd838e1505e5b291b65e8ab5f07b4bad555aca4fc2d4f9aa5,1a52c5c4e8226e4a20350d9dc856219512db60fc6d81a4cbaac23482f5e82eb3
armes/fusil-precision.html,modifié,7a5a9392ccb7b702dd15a6d91b03e42b5eb472ad15c5a5fb11f6c2f8f06cd8ba,acbdb0b484cac5e4365d8982d4300db517b44a70e388bfef30b4411e5bab1af6
armes/girardi-es9.html,modifié,f2d080abc64615dd6da4059d4f2955997aedfbe64de2d6789ad634a9f0ac508a,1d3cefdc2212c003af0365292527cc55ec38dc933d653c83739cfa4f02c3bfda
armes/harpon.html,modifié,832875530f0109e21158a01610bb0b08093b6f196a5f8277a34894650d9810d5,3986cfa6dec26631d81716b3f0ea3e0c81bab33e75f6407200e5bec4c09c3330
armes/hawk-little-morgan.html,modifié,4f4798b5d16eddae580d48a904a1d0ea40ab46a59bf856f9498b128875f28aff,c3f6f21f51b2518755779f9ba0064d6d08e19c578a4075e6d25d8aa45b11772b
armes/klose-k17.html,modifié,d073a172a5a47b32a4a4b3b78848c9c6c25d9bc10e025ccc46ac39550f56737f,59f0211c5372580a02ddf7909464f003ad4a51ba8c94cff3728d914634f31f1f
armes/marteau.html,modifié,fccab6e69c7cd2a9a3c56cda47b85f73c7f8c4e9ca1b59b1bb33961ea674dc5f,3a66a58fd849240df7ee69a731ea4319b9c1309a5ea9e8af985cb542ddd55d1d
armes/micro-smg.html,modifié,53f157054599af42fca77ba69fdae17102276d6cc0c8805b9cd4ae18232a11c7,a8645571963fb7e47f0c1b729d9aff647a65f0d0924e19c778c3588cfdd845b0
armes/mitrailleuse.html,modifié,e35e38bb8f57c8b0b2b8e13f00b3b54a2267d92301e2f30656a2d7b32e40d69c,840820d5f7d3238e5091e3df74eedf4de1d8b1362c770a02fa8bfc46e9f403d9
armes/molotov.html,modifié,1044bff3d7b02f8a7b561c0c5688e7df40f62e65ab7cfe78cc978374d84e4eb9,2947e54f2e8b363cc3b83b8c992530ccb924bbf112a2a1f2bdb8fb440fce65b1
armes/nipper-38.html,modifié,9e0e076174f2b1659a618563ddf9e128e2bfb2bed8b924a29b01cd8217efee2d,7a6bcc636cf7ee0ccfea123e434a816483e2d27450ead9ca4651c459aec1b53f
armes/pistolet-auto.html,modifié,b0b423430baf9b5ce5f5fbea675522050a18e44f5cfc08d51b476147bd63c74c,a7eb7851a8b96b603a4b7bba6fd7f71e9d4b724c3614b1e39d20f050c646d3e5
armes/pistolet-compact.html,modifié,a2e5693967ea99d50473acfb29e8009dfec2be68c9c758beab6e65ad51766d8a,831e7613cb5234af556310bbcf76555e9cb4b5fc4ff3e49d13727cbe9c0c2d78
armes/pistolet-custom.html,modifié,86bf9666943d358aeacd8806947d4e92a2fdf5e63f8bd997cb935567331bcacc,1c43064c11dfa14d185867ba7e8672fcde04ce94b70292fae3e74e13b86381dc
armes/pistolet-jason.html,modifié,480278bab91c162eed738ba0eb591bbb80d9fcb3cbebb8aa8a67fa6dacd921c1,bc9e2a9072d307dacf55e346368ab065b701b4f746e945e465c788bb7808bd29
armes/pistolet-tactique.html,modifié,6862c59ffba0a911383d5ddb3b7f83a6472d731cfffd86317e2992645015d8b4,bba23c1ec8330c524448dddc8485554bfdd39300123c2520c28cfaacf68ebc28
armes/queue-billard.html,modifié,b23ffdceffe569da54b8310c39028f3bec8c1aacc94394e630baac7aec981a45,b6b2d801161e342267e5a864221bfd731a12b3ee96a631736a853860c097fc0f
armes/revolver-357.html,modifié,733aa69e3fac49b651d1bc3b7f25edf2388fea32e6663746923e2e7a3f2e42f0,51e0549f9f0b8fd12eba3d539c998491aa5f3810dab29a765da30c0ba5d5219c
armes/smg-compact.html,modifié,0efebdf6ba930b16493db09ea745d6a7a482d30eaec1cc18a6675699e994f453,2e0000c01ad1592a79376e479579292199d54d2e73de4d12aacc9f51ff80cf91
armes/smg.html,modifié,fd40f949df84c1f1877da8482db086c9527d48cbb8a87c1cee347c9a534f70a5,80d5f6672dbef3b04d82f8b4dbb68732d3c230d016d5b873f5129163a74a9347
armes/temp.txt,supprimé du chemin initial,01ba4719c80b6fe911b091a7c05124b64eeece964e09c058ef8f9805daca546b,
assets-manifest.js,créé,,101c00690c270861e34eff7ccb743d7c5a6f2470c4551b10770f0775a89cb0fe
audit-final.js,modifié,306726ad4d06380f37aa1e3322dcf530b55cdc01ae376cadaf12450a8eed2a4f,d4ba8c99c475e558f00b058c89e57f490f46c776649f148923e847d705602e49
audit/alertes-publiques-finales.json,créé,,df7b36c08b182c17be7c44aacd2cbd324c51886f6e48cd7d177d3ea3baa51241
audit/apres.json,créé,,1a07b03d345558e12d31bd11cd1ceaf2da8e49701526cf63db80c4c1b28936d2
audit/avant.json,créé,,c9c05cacad96954cf4a214cd1d5bc5c0f2b329ff211c778c7f4fa3ff80090527
audit/cartographie-routes.csv,créé,,eb182bf5076f628b23578f780b0521173055654d1d2eadcb9845f2433e718a3d
audit/cartographie-routes.json,créé,,bb4034f5e4b7dcb6d5731674000d6cac1e49887eb1e635e4be0901ddb8f576e2
audit/corrections-descriptions.csv,créé,,03b4bf2f3c012db678be9191dd258d623a1d8b6182472d38e816eb7d67efa7d4
audit/dependances-audit.json,créé,,bb6ca053e0e5a1cee04aae61ab1a5a91095d4593597496977569ded32f45e51a
audit/diagnostic-initial.md,créé,,fb4b708a7ad4927846dfc2420e33ba5b966f9c392b93ee5814f564b19f1a9404
audit/http-local.json,créé,,e9c52a380341170a524c6afe89332b25d88dd61ab536c1787b46f92efb51ab0a
audit/http-production-sondes.json,créé,,5742c2854dc74bbabe415490b8d2cc124cf708c09adc79a768c3e0cffb9a1dff
audit/http-production.json,créé,,6ab98a741ad8d030984d5fcf7e1c7fad56279882865e5001a2080a90be338350
audit/images-inventaire.json,créé,,11cb9db35c8a488d2f194265ecc1ed66694940e4b00dc60cd87e9bf7015c4f1c
audit/inventaire-original.csv,créé,,e435b73187a8dfde1038f0553eca6f41446c140b9f085ca7c1b917b3a9d47621
audit/rapport-final.md,créé,,e18edd6c1b11b92f7125f0181defd8d81c18cf25821f0dcc8b71c9adf78a73e2
audit/reproductibilite.json,créé,,474b49122c97e478ed35d181e921c059c6369fd0064abeb71072ba3d39b92109
audit/securite-donnees-performance.json,créé,,a2f3c48c69c9c96789dc5862e8537cc10f0702e69c53388177e0f497e5e2f4a0
audit/tests-executes.md,créé,,fcd70c490c795cadbea621eefad24e59c22bd9044df42a4ca7b54561c575c949
build.js,modifié,5c4e4fc80ba10617ac0a761fc26af0661f935af74fdc8fa4b0b5c418eee34396,e1fedf36d71d85856067c2ae34488c8b414befbba73387a4e5470a335d956a1a
calculateurs.html,modifié,8df3e969676fac4449eb9d4d86069d674b10372467b6e318bdcc92694b8f735a,f85952483dcb7cb56847d0441324f0b7fef6cbf75d2e9b82c33d9a5529661ef5
carte-gtadb.js,modifié,56d7d5df982793c19b327e99c1716d2ec7ac766b85424c7787a0e9dd2cd57fbd,39c9eb9819d1e4b04f5ba37b2e3c285a5984f68c3da12c33a5bc7be76362d5f0
carte.html,modifié,aba0b2568531cc6a45f71ff91628d677dbdca22753f7c9b78532d7129f931b80,5db5c6189fd0569ce37d5000d3779aaa38c13f4c5c48860c32b35c6c01a1f856
carte.js,modifié,5465aec91ad598d61f5f62358054c246938c6db5df4a0671a5de282a803ffd4b,47170d9296156bbeee32920df8104752bd0cd69f187143011f60013156e8d9ef
classement-vehicules.html,modifié,9e14efd7cac9ad94b9f02897ddb656ef4feb398629c7f33f7a156ede68e9182c,40847aaeeb181bb06f49f2b6b43682aaf06554f65850a807f857ffd18ecc81fd
classement.js,créé,,38d807530f43de1da44f320ab59d6e665bde2bbb9fff7aea4c4eb5e3ead6f42f
collectibles.html,modifié,4749de2400b2b509e9a8f14124934a1df35b91841e1c65aedef14a6e75a950fe,acbe57fa499b2c0c5fd1539c3844b21a7dceceb075566367aa9e36c5ea3ecab2
common.js,créé,,f85dec5de8c9023ab3e37cb0d0169aef6dbc015d40ae9d7c2dafe564947aaf1b
comparateur.html,modifié,5d66e6681558908c41e0204f786af58bfc4bb03075a56045a46970c3caa93f5c,b2fdd6853a4d0f95a066a5722de28b98861adaca24fc35ee57acb33892acc6a1
comparateur.js,créé,,14b774bba4fc852a5eff6281f7b0b1c91a96e2f31dbbed4fac109a948069a2c2
contact.html,modifié,6e5922a2eb7384cb52e20a416c1ee5cf48785f4923b5a05b6ea8daf96695d63f,7e77c3ae5f5573b859a95cc6208d677a36bd68e7f4d20d08b34229514eadb483
croise.js,modifié,a3968508e9f1aa80d41e83f6c768ac8eb35c9c7e3f92eb513af02ff8975b11fb,1e6c12b90ca57bca82d804456fd6e25cd307a91f9463e6f7eb7929444979619c
data/carte-gtadb-source.json,créé,,d9d614ecd44ac28fcd2731be31d0229058c7970d23c6edc62a607aac6f170d9e
fiches-gen.js,modifié,2d769b31e03c5c93e25d68583f5cec65100af6162ec71a9872f9656f9fee72ff,0d2f98815a03d0f97868a9a3a90ee27942b77a540d7d32b4675f8eb29f229275
fiches.css,modifié,2acfb73761a88dd58e7aec90940cf839bc5f7176e8b4cd24376da82994d7b9d7,95d3c6c2c4bfe5e1766d0f69e20f7160b4e1ff9d90653662f956cbcbcecbacd8
fiches.js,modifié,bec0f808b2ae5032ff501793cfeeeec63e424909b3da79fd248f624da942a692,b11fa2fcf8442c26a6d1c2e18fa85815d3ee041dcb44509e46a159f10a278b38
final.js,modifié,12620c64334584db5aab5fa7aea1e5e082a385e1f12efe88740dc49845406d12,dc95b2293fb0cafc50fd4643677f66867fa9f1f2f8d1a074ad4f0e60ba65898f
gen.js,modifié,61aa54e5deaadf65e147675df1e7251b1d457e81994c3323873b4b7e6fa1ff99,ed4bb28ac71107f903f0b66cd09f836d3f2efe5636f83c3e1f81c5cf2c2fc502
images.js,modifié,171f0ea20c3c365c640c02a4129708603ea6b4bc0c6b387bd5acf9ea6e67d719,72e9634a9e8890f9c0ce67136ef8c16f19c47bf3afd875908a806b80317c7d68
img/social-card.png,créé,,3dcec6cdb2bc52957d1b6fac12b4bc2d63d446f3d4b928ad17fb608e117a42b7
img/social-card.svg,créé,,7159ce6868283320b525809feff255db1096d50004105109128058d1222bb702
index.html,modifié,7ed1c74822b172f6c064e827272b50e0781388cd0565a85116f0a8b7e0461f22,98c8b46452411c85d36b52c3f6785e7eeed195ced9e79a52d0387756b18eecb2
legacy-pages.json,créé,,5bd9ef6b7cec3e22af497e3669d4ea01ab1170c1b19b78ea898f74c9f3739b13
mentions-legales.html,modifié,db2022b03b391d214ba5331b78a739732f6040d114de8addb78877eae58bafa7,d7614b86c786c23c27f4d39bad35ee46fe327729641a74e780403f0523fdbfcc
nouveaux.js,modifié,b3076f6da2c6d06ca6276466f453bf18d7d81007867a44899266769eb21cc834,21cae5451e2b01a0275e9a7f33925b8d73618eaf495550ac20745772b81ec5f3
package-lock.json,créé,,c71cf51ec50afc3e9c0f767633ab717121eee8e4eb9e87663317bc1ea41fab5e
package.json,créé,,9d8b786390f4543c3dc6036900adc691f5608d2936bce7c058cd469034dd0cd1
photos-reelles.js,modifié,967f2a819210c7c61dd824d0afbb8816ce759a3d0bf21afafd1c31f379b53385,057acb91a05c5490418c89f74938d8691264c95c131f7ad4648ddcc4a02aaeb4
progression-data.js,créé,,74e4a4772ff9bafb877b38ba920c20d8faf06416c27ee4a9b597a23080929d50
progression.html,modifié,b777a5069ab953d7a2b822bd8c2610831e6dc68d6cb69868d31b117253599679,ef5d9c0ca543784cb19691261d4aadcf2b31b99c5c47e647484b48ae035d5bb0
progression.js,créé,,b92e4fef5eded1d8ec1ac7d447ee9a6068d8585249d4ea00a69ba4e1a7c500b5
retraits.json,modifié,2fa01b02835b95488933cc3f4d6599dc87be16cc83cb86bb558f6b436f64c368,a3378c8391bd0ebeebc3209136ae2e6c6e738855686158a6fb5a2d40803becfd
scripts/build-site.cjs,créé,,f4b0a2fc9e4ee7a7668e1c5b898ed3d3879975e1b547030f6af3214794652124
scripts/inventory.cjs,créé,,450692d108df9422f528920a26d7c4782427d490ad52564039c9e97e32cecb4b
scripts/licenses.cjs,créé,,c522796600244208cd666d20b37725e86afb1ee9deb9accee1a0b1414dc9c56f
scripts/lint.cjs,créé,,156519f8cd0ad2e1571ca7a424cfbac08e4923be07cc5e43ab31cf9d0cbabb49
scripts/serve.cjs,créé,,c438ddb812e1be83ec3bad376b0d21804488a971ee7034d6f9e9576964a78d17
scripts/sync-site.cjs,créé,,7985b023a111293113784799133fbaab574a029906bbcc371a48966d4af2f935
search-index.js,modifié,da128db021a2d7bd5523e39188587ca041afc9af88763ea841896f83996d834f,b653155d0b20aae93ec23381984b54f5aba12b91c694639605ca6280fafb85f1
similarite.js,modifié,a78155352cff8a9f807543b6246f8ea38741b04bfe2e3bdbf192dbe668560fc2,a2eddecc8cd10e77e002cc52983875857ede61c36ef00da9a6385bd5059b60a3
sitemap-fiches.xml,modifié,01cd0c03d3a0b51c8ea361446bf58029a9db21c4308effc60eadc87c78350e36,ed4c19178bf820d1dae0e1b318b994b2fb86d6be5a8b9f1b9419ac7f1ac4c434
sitemap.xml,modifié,fff281bfef0ca8f7d5197ec2af32241cb68718422f8a73d09838d109debb224a,482e2cb83954cfb8663fcad05a2ebde8a4aaae35f68d0fe7e93ed2c92dd2549a
style.css,modifié,82ddcff3997c4c84988d109c73b2bb059b42ad83d8d8ba72f7bb0b7276dbd734,ad1aaf4e80b3a22b39e9886be9e8b4dcc7039a3c991336f6df96abad36e0fa78
templates/vehicle-reference.html,créé,,a23f24c8d2093ee0c88050ad3c76d62e1fb70dc8edabc31c3113334bd96102f4
templates/vehicules.html,créé,,ed9003725ef842c9f035233ee56ac38e65eb375b060980e825fa948d16a3e977
tests/coverage.test.cjs,créé,,af6e2b5aff5b041490c1eac6ef2468863f5db3d63b09044a2cb474a20a3bb219
tests/regression.test.cjs,créé,,95cce8656561b5e4e1e97390f920a22041f61a22f10f573b16c1acb62a756fa4
tests/runtime-helper.cjs,créé,,a39d6551a3b21c320b0c600c41d9aa830f9410179c574d2f767ebfb5b96da1ed
v-corrige.json,modifié,112e06eb555ff239c4ca2920eeba699906d4b9c3c31e3dfcc3aa7e7bf43c1eb6,ed78eba78936f761faa0a65250393d6ea9a69c443ee63bdeac985dfdd421e345
vehicules-data.js,modifié,e4ce289fa76ef35aa60b6dc54629b966456e736d145560c7be91cfc613c2b325,6396e37850aaf425ae1ae8fe1b542cb0ccd1580c81e3f8d1400f50f5816c50af
vehicules-rares.html,modifié,cab4b821ef02bfd40d96585b7e9a1b199c8f8ed2a1adb9967761bac4a836f639,e19ce5f49cae54efa22762a80851dcce72811654ccf6756217477a76b2d66c85
vehicules.html,modifié,ed9003725ef842c9f035233ee56ac38e65eb375b060980e825fa948d16a3e977,d36c5763164326988e8b4c9b8d8d14871654bbb2f43b7669aed6223b18bce876
vehicules/airboat-09.html,modifié,0b969f30755fdd044dab5579633644f5487d0e6c430587eee7a1a1bde67137b7,57143886f8d39deb016b003cf935843d3f237d0655ee240bbd254c53818520d8
vehicules/airgator-airboat-09.html,modifié,b536a039eb3a76f6d603e793e9bc1107ded2cc73909070996ca6e34a8c191e9e,ac79fb5cf8d8da54b9daf799a564edec48193553d1cb75eea7c6d743fe5c309c
vehicules/airport-bus.html,modifié,924970ffe11121df3ec2cb569fe308f1b0141c1566de0f291f082281c4613dfe,e7201876e5e8595bbd5b10c0b50780d34975aa96abf0f0935bc4bf4a9fa9f9f3
vehicules/albany-buccaneer-custom.html,modifié,e157fd60e8e390eb293a5046b192180ffffb9867d8ee802ab9df84f29114b3ce,7ce96120943efdeddc627693f996de189cc8add87fe2e9a5bb14c4703f3e4e73
vehicules/albany-buccaneer.html,modifié,3a02e53ad4c955b64bb260767c4809ceeb924ad7d7ea04b83a2cddbf20339d6f,7826ac2ed35d7aa78d190d8f1d18297a81f098894c2533070c50ff982e8c6ac0
vehicules/albany-cavalcade-xl.html,modifié,835981ec56b8a96c3dbdad7f7eab5f78bf6cc6be852314752faba5dfdfe0a4e4,7a3e489fe955044cfa0122916db8d1453525068e7780095043eb2be7843ebd70
vehicules/albany-emperor.html,modifié,a23f24c8d2093ee0c88050ad3c76d62e1fb70dc8edabc31c3113334bd96102f4,2d1687a6c4fe8006ba8e7aeef8b41eb1dad1dbacd3a2bf382a5fbe4ef9fba7c8
vehicules/albany-manana.html,modifié,a7fa428a940b7f16ca4dd22f06a51ff05b9162c91a6dee1f7da7736a495cce10,f7d4b4077169f8138a1fadaabdad2428fe7b995ae315123bd5a6ef3637e6e765
vehicules/albany-primo-custom.html,modifié,fe1d940351ee6be8bd26c15e89a314958b79831132617c56ce3097d629754770,9db0fd072c62b34a2e6e8b9fa6aab7a5417fb6b8ae691d4b7f5985e441fe939a
vehicules/albany-primo.html,modifié,7f44ecb184fae9ae425137b6542ab533194595031f6538d0c40acb5bf1c99c26,d20eb3355738d86501c6f27480d0d2ce45e5bf6938f8697510ad387c61ddf504
vehicules/albany-v-str.html,modifié,966b7afbcc554d0830ce936772bfed6a4432f4839c7cbf04ed8dc79f3a5f59f7,d2861e159b8431640400428ff9cedd69a4271546094e84be58d1d23bb4b829d8
vehicules/albany-virgo-classic.html,modifié,c2e3f222f2d8f85ab7f9f77c3d02d7abc0ad1b3a0c684953a00bed319a0ce414,60103df0f430b80a2dfeac3223fce9fd8b003e7c54b358fab8e58d7c5f7eb9c7
vehicules/amloco-ge-genesis.html,modifié,bf19bf1cec82f9b92dd0a055946b61dce58dcdd2ddc5e5c8fae02b3b54ea05c6,5726dafed203f51191024687d2be770f6a7c5345ee1ea7973173fd58c8cc6503
vehicules/annis-elegy-retro-custom.html,modifié,98132981c13a2ddbc5aa7acd76f566f497a7ebc180894d24e87715b5684a381c,8db70f61fabdaf7819e5588fa1579f15e5b13cd17c60ff66c1bbc7ad520dd9f4
vehicules/annis-futo.html,modifié,adc35e3bec61dd782f55cccad772893a3f7ec06f0dbf07d8b583304f4c3af29a,b6b7f049cc4ef2515154485ba0ff377020f57f74f3f0a5ebdfac2fd965963d85
vehicules/annis-growler.html,modifié,70283d4c1d26e7d1383a679d172cf808a242dd053e44072f82bf2faee39b33c7,b8cccd75a84cf0c0f554a777066bf98da86dbdb9ab53c1ab241485baf9785707
vehicules/annis-hellion.html,modifié,3671005cd2a5e919f66f9a77451a03111806e7d91c12af7ed81209f8d2c85445,3e0e6d9c40b08eb28d8bd4c0ac0ebb055b18e7d8ee9c66a4e9be43c83c39f1a0
vehicules/audi-a7-rs7.html,modifié,3e216e4bcfdd3df35c071fbc32dab133c4f152eeaa0ec71b30e2f25a1f605e1c,65f4ecf6b31fce37e1409ebb99a5f9691dc141ea151caa4f37c296a79986b506
vehicules/audi-q7-2.html,modifié,24d64a369e73167b4bd81d16379336cc8c46a7ca42be4771690422db61debdec,e579888fb2a64e295ef5b0c61ce56d42e1a62ffe01698bffab4145cfb6b427b2
vehicules/azimut-85.html,modifié,b0b732cbdaf07d9e6e7c09f75cd18403d4d61c4f82dcabe8076f8655de00a8ff,d607f8723df85c826563216b05ea1c53d54724204fc77e7837ce253050161bf0
vehicules/azimut-atlantis-45.html,modifié,0a7fc83fa4ebc35805b762b5bd534653435c26c320bc38810bdda12ea87ba5b7,3e322a9f36a0c9b90b152dec2b3d54cee3a6ef72320e6a8fa636200aeefc24b4
vehicules/bavaria-sr33.html,modifié,3cb450a1014eef7dc67f4308e40a8a8517644dafb4c46d810948abca92ff1370,d7cad15c4502dc71ae52c5347e86cd37de1905a4552b44033e20c76b06846a68
vehicules/benefactor-dubsta.html,modifié,3974ee6490682a8667abb7b7b06122a1552daa5f316f179dbfdc4001337b7a5a,19566449ad5a8b525540b542f783a7c63d771cc76902d1283145cb37a9beebff
vehicules/benefactor-schafter-lwb.html,modifié,6fb455162f4cd7787fad68ad06f1d5b60f1827c9f5736db1f4e3144f8750af01,d3b4896b7ccc3953fb183b3bfb45fa5acb012382de349e6902309ff98c39a4b2
vehicules/benefactor-schafter-v12.html,modifié,9c2cb63afbeb8f455ef24010ed18397c689b27249b405614ff759f60092cacc7,1f5062e91396b916051fecef7b6742dae68c4cbc314de2770a419602157bf95c
vehicules/benefactor-xls.html,modifié,316ea403857e90f96e9bdd93f1be929d86c53e3f35d061e5cbfa9b6e72cb1d6a,37cc42d58dcb0d1be23b08a053deb9e2eb94808b15ec22f7c43fc39824f4f42e
vehicules/bmx.html,modifié,60d6428b9572bb56f5bf6f2071dc11f068059c295f2864e84147383b9632518a,795d1c34c346069fda60a2a4961fcc66008993773462d03588ed49300aa0789d
vehicules/bravado-banshee.html,modifié,79be491e0c6c9ebabf49ef8214a653ecdc055de727c5d92a29203d04e382c1d2,7dfa0d4cde518ee65a80c1f6f6a450f7cf22a0c6d2b289a465b8b88bfd765399
vehicules/bravado-bison-1800-police.html,modifié,d0f564db9ca8c5b2cd055c33ca2a6498b7263c32f1d620040930294c7caf23af,713967ac2901e956387fe9d67d3351097b08fbf026418094d53c4c88ce3f3180
vehicules/bravado-bison-1800.html,modifié,ac2cf1a8537c6516bdc6ccf010d459e36135a52856c88c04e01705862fadee37,5dc38004e9c60ba2f80e9c55030e86292d6ea129de955f553d85c987a8df1e0a
vehicules/bravado-bison-900-95-monster-truck.html,modifié,55333e5eb39177620b5798b0d334a14559f639e64de3c0d0a4be8ba0cf260471,9ca598803b8a5db0bcda27a57e8ea684eb2c31970746854d28494c617c9cee46
vehicules/bravado-bison-900-95.html,modifié,bc8d0b21ed103b2bbc2a06f2133af5b3a941a2bf0c0046b7fced4c4d6daf1c4e,cdea97e11867a15023417f5da3ddf820ad5a892cbd6109288797cf96f1250408
vehicules/bravado-bison.html,modifié,af8b5a509de7d40702667c325f748066519a640abefbf7d643b2b465b2b37a7b,6b361d4ce740fd9b0b273bd7a04a1c4a042aa1bbfeea0cd37483b1fd7ede321e
vehicules/bravado-buffalo-s.html,modifié,4c1ef20b35fb0a981eb6582b9701a8024d82120f2f1a1244613f561c8456badd,d1e0178f4414283e04578a526c467cfe47002987275167652afba727b0b61807
vehicules/bravado-buffalo-stx-pursuit.html,modifié,36cbe3e82b20af9e3bb51325c53e46f2b7a78aa3de77bb94561a7dc55de59824,f1b2e410a127bc3d39a74243efd9e0e9bc3a9348dc063fecb777b4f29fb54959
vehicules/bravado-buffalo-stx.html,modifié,8db2b54cff74f05e06e05c536a7f5ed20f49a05a209155f0cb257f1303caee37,d9aee5cda3258e28a73ee017abb630cd15306ee28ec001e3c9e656dc961db222
vehicules/bravado-buffalo.html,modifié,30b02ae38c81f5639c67142c1b6a9e97f515c8d57c4691b80c4843f3224dd9e7,f8165105a7753fecfc0f82a3428829f74a97c3c8caee757e9bef0e427643abfd
vehicules/bravado-dorado.html,modifié,fa6a93885a038671e7d455dd80c8aa429aab89b5ce2dba7950f9181604f78987,16c98797dca5b16757b976496407104a1443bf9d01a7aa764426ece359cb1e2d
vehicules/bravado-gauntlet-classic.html,modifié,c6f4d6612ff63729c1d46614cf85694fd523332caf2c957bc0752879a2b8ed54,0ba1d587c2e0037f64a1219d71bb58d6488f6caf1014b51b2ece9b2d340634d9
vehicules/bravado-gauntlet-hellfire.html,modifié,54cba6b4d841087579981be2b3c3fac4e5364e18ad2416b2908c3b028b183763,95947f28a67240ede3edd33d29911afacf15f99d003476c3cb03513e689671c7
vehicules/bravado-gauntlet-interceptor.html,modifié,82708235ea396c875752065836974e6a408d4bf377dbb3b54ffc9bbb349e1f97,f1c8f3edb5eb24e227d009914af3d35bf333a55023352de2057f34748d667f57
vehicules/bravado-police-cruiser-buffalo.html,modifié,8e54613ff750791015ae9fe7ee20675570e6562a5a59c3dbf09c8e68d59e8790,b015d7620300c1c8599a3000ea83077fc04b4fb3652785c0c947bcef78f6e636
vehicules/bravado-rebel.html,modifié,f6eaea65df11c8d8c61a4a63eb2b2472f9f8a9ca35b2873ddd047f6f44a95c4e,c0c40b4c3bd3fdb92db5b75e84f77d79e393096fe74e16987c32f0718ae051b1
vehicules/bravado-rumpo.html,modifié,63db8f6a4414d25001ece0261bb411f00d38d1827473af37c821ca95dff278a4,97258371e6e28c9588c1581608be8920d1eb745d9fe1ec2d707a547be4666416
vehicules/bravado-youga-classic.html,modifié,73734ac1586dffe3221484b76c1b7cb757b8118f85b82a24836548d80c8d348e,3b71aad8dcc19ee20c6d9fad8879ee3d12e98f6d806a64e32249b108f8ffa898
vehicules/bravado-youga.html,modifié,78b18ff02c2ec303de0e0e12bb431b2ecbd7c8c34d0c1743fa30d492982fcb53,981c9cde3331077500ff2558ebea7a63c07f6d8fded6c8ab0b8eb5592431ea22
vehicules/brute-ambulance.html,modifié,fa13418d5ac13da293c2378d612c2f7454810e875ef1db5a8b61728ff0517f93,dd990e221ac0cbb74dad98d405e5429fac5cb41311cd17c275cb67dbf5becf74
vehicules/brute-boxville.html,modifié,12bc4aae18a1c14f5168662e4e727b45709b5284ff984ce2598ce2bcc3a4f082,b77f95ff34957dc8c65af611944d807a2f759a30b89ff66ef9b8507280d2dfb5
vehicules/brute-bus.html,modifié,c61dc209d40ceb212c3f1c4d11d76fd61cfb86a10796975ee4f006841c776de8,8cdb4dbfad777da09d8add6969eb431d661ade7447a1d6656f43131b92872c37
vehicules/brute-camper.html,modifié,ebaa466b491137ec4e77a8fab01529555373d2c5d188323a20487eb0133c65b9,0cdc4b44b174ab03feb60e64f2d19cdf610fa12e0ed2bad4894fda66bf70f2f8
vehicules/brute-police-riot.html,modifié,3f3dcd7873933d807b594f14d4fed7c85648601882d67540a5a9473fb270e5f1,0d1abd605d9b9c3c79acb8745230c7a4077562157a9f03593175715a85b61e6f
vehicules/brute-rental-shuttle-bus.html,modifié,bcdeefacb3ab5b241b27aa404004b36b7b2f6f9f9de22f2e6a6c03b61cd067d9,4f284fdc61b47e16332bfc0f4532f5ee010ba4e620514d4615e3ddec89bb2e44
vehicules/brute-stockade.html,modifié,a634130fa675f1556d8c646422fee68a63a5c6554367a7b41f433d7321d93a8d,fb7f1372c9bb376d741d44ffc3b59b06ce88c34619e6b1422c8c221aac174d7e
vehicules/brute-tipper-6-wheels.html,modifié,786bbd6cec1e157292e87260676923b47fa2d085d26961bea23031aaaef6558e,4c2969b00c8167a124774e4839a608c40f9abe5637b37c1c854b93047f4c57d7
vehicules/brute-utility-truck.html,modifié,02a5fb8dc596ca62cfb95f28db01f5326697cabeb0ef77e2740c38f27a1ea684,5125ee8203bb28ef1191ad7a4ee5217e70435905271352ab12b358d722bfeec3
vehicules/btn-delmar.html,modifié,f679314c9c5a084e30a47236bebf25277ccf9ecb62dc169b5698079c3efb8fb6,2f2df006464e5118f3349b1c858bd4277605d8a5adefb4372ff7d74bde4133cf
vehicules/buckingham-buzzard.html,modifié,a5b98ed5657a2f367cfb9ce14fbde43b571d12128dcbefb9477cda367147053f,64e95603bef9155ad7aa6c5e1b541288a67a8be93ab3ae8dcfebe8fe698c0357
vehicules/buckingham-luxor.html,modifié,ecbd41f06bdb26079fab7b0cf8921f549d93b3fed6c744ab91ceb594bb202dfd,f93bb9154fb24814a7e0803361b9e1691630d843a5a38af346dd675d6868f75b
vehicules/buckingham-maverick.html,modifié,551b3100efc2d20a9b62e4fcaa110bac3c812f37315cccefd0bac2d6738b4a0c,6d9d3eaca30a73c3d8469dda69a8771c09a74f8ac9e725cbb3ac162f58de48bf
vehicules/buckingham-nimbus.html,modifié,32dca9ea6b8ddcf841e127d532623391b677824d4afbc46db1309a59929c2773,e1e0d74b3ba0769d0ecf5e49416b1b6a4ace8146c65b3eb89598b365bbb9436f
vehicules/buckingham-police-maverick.html,modifié,f145e7a75ef4c9a5b736ca8c69ddd699729436b7b1965fe0bb70d8b77ada9963,f2291da8b6baf0ff72cb7ab518115c3c01d6acf733eb2f757d61cd0cf83ccc86
vehicules/buckingham-shamal.html,modifié,98ce3736520f59259646ee6ecf916074183444bde811553d7c169445ca0798c3,a00e9b7404f24f1544502e4d16d9e2a76febfb32c1ea418bb41a39410541d1eb
vehicules/buckingham-supervolito.html,modifié,de369070cd29396fbf831776ddeca4f4cc0807111ba503ba93a2993c293f64fa,eda4a128a0042e685baeeec6920a4e61c6ea46f89a2a6d36468e0cb4be403090
vehicules/buckingham-swift.html,modifié,c86ef59232d8f7f355226e4ce0606d5be3db819e9183a55ada66d361d07920a5,e06c22574f050f81eed83b044a820658a96d29e3adfc14aefad68b1aba586f9b
vehicules/buckingham-valkyrie.html,modifié,e7879864862eed7ea5b87ed5ae9390a101b7b0e268f6347515cc64f4cc3518c9,410657e8b1c4c365e13175933ff03b3d979a98ca90f66c02229ce67d038c00d7
vehicules/buick-reatta-convertible.html,modifié,0e8d08ba03b1fc8e906c21b7f319e6978dbfbe29c0fc9813652b3d9152c2ed96,4a2a8dae65c2b91a9552546c342a0956ff05bcfd7563c9e9fa3152463e2c4b9a
vehicules/buick-regal-6.html,modifié,27eec7df7721816f5039f83edb1b0252f1b6620007eaefa1c6c5cd6af749195c,55ea234f82cd402c42493f1fdb155751f5e48bb35f744397ddea4225c36c2669
vehicules/buick-skylark-6.html,modifié,7d59c7161c5166c490663b2325e352770c320e80bf5a4b3a287a388f8aaf55fd,c3fd72a436d35bbf1f90f8bfa976e960ed84d36aa9f77a231749f89106b686fa
vehicules/cadillac-eldorado-1959.html,modifié,414d57104802deac2715d11f28f0de0ccc523f12612466854fbc765452907d49,185498ba9bc26d394bdd4b16c0596fb484592cd3c525cc4ec63d86e052b79abf
vehicules/canis-kamacho.html,modifié,79a96dc9357e42d26e876a3f3cbb0067077e982f734938423cd882a250395ee8,9103838ac4464226804d33282e8c4654bca04d0fd74033e9c390c6f01238a1aa
vehicules/canis-mesa.html,modifié,3d2d5f3002419e260dbe75000fca41ae3f4296cec28c2afd3774ceaf8752ab53,dd6d2d3f82cabd52b7ca638baa62df4ff7d98a3c84a76ab2a0a5d4c6c3c8a1a1
vehicules/canis-terminus.html,modifié,bdd52492799261de3f0a0ef91100f7c8965411211bda6e8b36859e977b8f66e3,ebbb76940cf3b5780cd96ca138715b721b5f3dd3651cc65ebabc1c187100e6aa
vehicules/cheval-vectre.html,modifié,de88cf80d54568ab205fc04084c0b2f764c7c49ea4d61a30e2f44cabb77f8cf6,3a398d4f452ebabca13fe53b24b4f763e8927e70e0b6bdc58c4e1cc5fefed78a
vehicules/chevrolet-impala-10.html,modifié,7b2acf474c4adcdd902c5c507883a15b5d7554d77e5dee97c3538a1a6007a54f,1ec9d8da8a446162aceecb7f1445b7ae9933eae510d2e4bf946c90dbb1c687d6
vehicules/chevrolet-kodiak-gmc-topkick.html,modifié,0544627ffde70dd644cb027eb6d7d56632425d7fb4b0f31529ac58d5ba386945,5449fdd153e2086f579e82be21d65178f268110f030066f76334de42a06408eb
vehicules/chevrolet-silverado-6500-hd.html,modifié,b52cc7819124f3b781ffe34a9d1c3aa32fb604a3ce2e6b3f8d4058a11cbae0f2,c31fb1cee1fb0c3b49224755d25e45fa1a25997f69b28d340c0f62b5ec91e229
vehicules/chevrolet-sonic.html,modifié,f171414081a9bbfeb27646cb5eab9fa69a5e753cc7ba6917f5be3f950011c621,8c8b9c37218c0f62a278a97d25a760deefa1c963994b8fa7cfcdd3d6b436a1d9
vehicules/chrysler-lebaron-town-country.html,modifié,e25a3840dee7b81071d507f9d004d6d043fdadde7e5ecb4695d60b5f059a51f2,b983db75ed3bdaf3df1e6fb27dfa793b0591f84b6ed4eb5b495db03a45b70ae3
vehicules/chrysler-sebring-dodge-stratus.html,modifié,1e4e42e1fee18dc93d1ee7d6966b5a4e2d051f58c3d6f6422c308416a96869ad,74861ab347fd5bdac1c9197e78de85ff95a42be98176ba03e0bf0afff46bb409
vehicules/chrysler-town-country.html,modifié,eeb9661d72f22623d13ac03c2f8dc4cf52ea7261779ac13585f382c4cf3e1476,ebe31923e74641868902595a45aa409dd6416cb65eb713b6cdf09b79be49cb10
vehicules/clarion.html,modifié,3c6c10ef64a0bc4a001a1ba0cde3cd223cf5fc67bb570698e2c5d46660919785,e296e3588005a9206d70e8a14f8dce1ad845252852e97a3505e133480575f171
vehicules/coach.html,modifié,7afd73ed21468c0a3c2c005c5d007956d15d03d11101de763de530c31c41cf37,40ad821e80165aa5f8c0978cee94e7aea55f764483e0f3ff4de3e0cd1c886839
vehicules/coil-raiden.html,modifié,6eb14a2e4ab605046a3d279da13162d28bd1808b75982d29cc8ee48a7982319e,c986766385753a171250673ce996c5c10fd61bac60c9975a0a0253d50b137da8
vehicules/contender-39st.html,modifié,8fc18a17470786e8182890365e825d30e53eabec552f6ea05d78a0ca2b86966e,47387bf156c5a83180e6e6b76813c24a041a464d24feaf3929a74f64f845e2ee
vehicules/crest-kayak.html,modifié,d351d0751f2992daf9739ccd19aa6ae9e20e46f5e68d1c56006de6b626e3af8a,ed8a0844144f0c9ba92f66de335227d97cc105d9605dc4c6552619999571908a
vehicules/crownline-275-ss.html,modifié,c70229da579e9679abd2990c50e711557545d9159b0346ec89af0e8c3d40b592,945c9a288f8eeee60df3b9969a567def8a1d560ae2b8a96acc1619357d7c448d
vehicules/cruise-ship.html,modifié,34431210e214d887e965dc43d698197605ef46f956659ad77c2092a2afdb473f,e5f388dff921a4475e43b6dd1995c9836c04b6221d05edf1ed4a1ecff367006a
vehicules/cruiser.html,modifié,6312bffe70ee9c35963cbcfa6ca5548b15e03f5f591b87f857a841ba1d17f11c,45cb6d3fa23c423ed4e58880d31fc029ffd9d8d9fe72120970fb613f41ac02a9
vehicules/crusader-boats-gfy.html,modifié,a0b2acd1302d7ef852f36334d1aac854900d53be3eb0a4403ffc0fdb724ea102,5b8a3fbd0ece9692ce23c0d365b55504272973e9217acfd2722847281c93ee9b
vehicules/dashound.html,modifié,717ba45e7868264f86a3ab8b7d55a3fbaeb5292d1a3fd12ddadfabd5f1c46053,cca37f14207f0b208d3eb531461b03bb06f4416f93cc8b6e07f717b0ff8dba0c
vehicules/declasse-burrito.html,modifié,aad10842ae7a92b2984b2595cc65d5bad50750c740aed2f1c60d100a63945efa,f9a8cd60d3a0f2db78a4f17cbc3f65beeca0f454ac397860f26d28b9107faf0b
vehicules/declasse-granger-3600lx.html,modifié,a84d7642a43dae5638190d2d41c624e53f781ed2e775e20f7efc646ba756c700,663a8ccfca1692e083c6f503fb09a28f550da06e846a267b16e11e06552ba762
vehicules/declasse-granger-taxi.html,modifié,ad7c66b44af844c32681d03c1515c636bf112d3a521467aed966d4bad290e2a2,af3d9e7f411b5ada96e962512e64c39b23c00b247736d555479d5c5e91b19014
vehicules/declasse-granger.html,modifié,52a9ba64371b3638033121898161de0b918de49ebcf45808868686764e422219,0fc513364bf1ccb098ee9921fed5be5f7ddc6a8905b43379cdb8be0e0f0174e8
vehicules/declasse-impaler-lx.html,modifié,d33fc44a22ea8bd0710720f73c18bf53c5450ca8ff2938a6c6c9e5e181d52781,098950dfe04addd1e64365795243ce609ea47a7094e3103683bed1d2357699c2
vehicules/declasse-impaler-sz.html,modifié,9bd07cc72bc9e9aff6287d22ca4878ee53c756045dceb30749b2852d8111d02e,572f5c634c2c311c3d70666670b15abe701b349884e7d8dcd28d470e3fa1602a
vehicules/declasse-mamba-gt.html,modifié,17ba790a90932e4f440b456329e66ee1e0c7c84c36312806c89ea8ffb301223b,639abfbd14f3777474f58ea8c1537ce3d29b65a9280a01b1a071f2708d24dfff
vehicules/declasse-moonbeam.html,modifié,25f4d81a35bbdb145b0a263c4a38edb66f9540a368b713c582abb696e85e77b1,903752faef14285481a613ad0d3ea544a5b9a2066ec1446e7276a10fd3e897db
vehicules/declasse-rancher.html,modifié,afd62eeca69de24fd446dd899ed239c6984a875642311453fd321f27101cf0b6,1c933d558fa19c9f63305abb4eb4d7d3e4f30293625a98cbb638224aacfba1f9
vehicules/declasse-sabre-turbo.html,modifié,cf2bdc35e05e658fc41604fd0412791b4ace561d5c174251d1a3a6f46a7568cb,fcd7b88c35f032d36f852deae131f55bbfced6f772cd44af560d489531ee608d
vehicules/declasse-seminole-frontier.html,modifié,562c45411d7f22fc8b1beee8c2a066ee262bf0c19867145fda023e3341916f06,78e671a440cddb51054071b6c76bfd2c50c907cee247da49e85df739a7ce3fe5
vehicules/declasse-sheriff-suv.html,modifié,6d1a633aeb6ef81725f60927f55d38c0bbef83bba288d9f5a6ad54d903db068c,1e1b73bb442626814098a6ca696f4967e2fefc9456d6a56d13af569943e2943b
vehicules/declasse-stratum.html,modifié,fc19be0d23cde54ae8b701a749286084fe850dd290ce4a83af770289a1a5783d,e03316709e04d63f3b22e7d0151a519dce8fcc10da1b8e5fda1f83dbaabc71bc
vehicules/declasse-tornado.html,modifié,7e501143eb1f5e95db2cf2509647fd89723f18cc9ba45dcbecbdc0e2cff0866f,7a6c10e6ea2448e443ef2578b64a27fa4f3178d64297510f9ba993ae26752635
vehicules/declasse-tulip-m100.html,modifié,fb43a76ddfdcaf1f41b4c4c70af95f4b819976cf07ebce82d3c9d16c47afa115,e4e327a4d01fae70b766d814a8c202e0919e4a59d09bc6730a5957a0471f8363
vehicules/declasse-tulip.html,modifié,1a5f50ca6371b47c57bb9e57f3c4cd92533f7c90f16c7a2b737051677e083479,6160da88075eff5f2009d468d3d75f0d710bd8456cce0c24d7cbd325293f28f9
vehicules/declasse-vamos.html,modifié,4a03a49a387f4057e198f516605427402387a1bda3546ad16c197d5777cfb142,b54197d8612693132b15a6c3dd0a296e228655565d32743135bbd8ef57e5e42a
vehicules/declasse-vigero-zx-convertible.html,modifié,d2cd7feb56918c78874f00b7133ef4ea0a6f4852d496be247a9f9a3377fe5912,b2fded49fd0d4279a0484daf7ef24b72faf9816af547a1c74b86c3ce27c608de
vehicules/declasse-voodoo.html,modifié,b3cb6813cae6c9529becba7389b05b2cd1c762f3965f27979567df5f6f6e036d,07e8bac68cf1a9006fe8fc59e148c8f437fa3adfa1d6f91e4ccfa291563374eb
vehicules/declasse-walton-l35-stock.html,modifié,15b07aea4339d0b3e7a4b4762ce7aeeb8a8eb886e23da70290e940561d77d4a8,51ed90f5acdf46cb6f4b628e7e39501c5931dedf9b75eb319a2f86737d1016c1
vehicules/declasse-yosemite-1500.html,modifié,38c085d67853ef184821bb7991fdb2d5de280247043ce3457e3d8291bb39033b,1583fcbb1111f1a5329e3ea216ef2a4c729fc448c95de5df9489fd4915e990a7
vehicules/declasse-yosemite.html,modifié,3fba2b357b9f83ecd7ca8562fffcadaccf00d443cea07d5d91482d5ef982a3d3,f8ff80778ba16b80d303c1bf9b6165993d20b02c01811eb8e129b0daaa218e7c
vehicules/dinka-blista-compact.html,modifié,b6b82c4d540edf3d74570b77a2f79660753603caccd5db5de5770f2f80dc8242,a2751b8718383cca8cc9d62b27b2a2d92425c2755f932c24fbe56bd069cf96a6
vehicules/dinka-double-t.html,modifié,2e4c4883b905bc0852563a3289e22479c54db625d606589ae0d050937588413b,53778cd652db838fbf53bcf50029070f75a5300bc8013f704ec3619c2adfae4c
vehicules/dinka-enduro.html,modifié,e516e9982355683feea2a6d4b1294d0bf11b944ab63f5f746e92227fe7acce29,7c9dbee9a0841aec7a48dec5cb28d02b938029c236c68fe88c409a2ef576f570
vehicules/dinka-jetmax.html,modifié,cd506d666a0094d1174d7b0a0d07dac35bf3a07784f6c318c0a760be2f0c3eb3,4efab983fb5bd736ebf7b2e4faf4d46b5dc35d946aa066d54843655bf6f5fc9e
vehicules/dinka-sugoi.html,modifié,7c2cc565c904211f5a2cda13786a4633da7a46c9f4ae5083f46e89d782bc109e,b4cef13d1a46f184a359dda59daf906daf178e478bfe665c994a90115f91962b
vehicules/dinka-verus.html,modifié,35a0ae859cc9cd6b18b5c56a65c5b7dd28934d89f7784229f39bd0df3c86eb58,57cd4b2a4e8d6c974e7897ddf08276b1446693661dbe3f85cb4e68bb910da74a
vehicules/dodge-dakota-convertible.html,modifié,70d59cd3ecc978fa002252fd6dbfb9805a95870f819a47d19f3cd29c3b0a2ca2,b64b49fce3e98746fca056c1d100a2eb9a0d746921aebbccd93369b693dffd22
vehicules/dodge-durango-3.html,modifié,8860df766b03f3455388d17454888313b29cbbfe67b0baf1e0eeee0de9314fab,9ad2140668d8d6a335be9e68bc66e92b9244cd94ef33fd3f60ff385b30cad327
vehicules/dodge-grand-caravan-taxi.html,modifié,e75d432e4ab6ec7399b6658f6b7c86aa1cc370c0a8cbbb18859615360073be43,a3a9d2ed03c755ec3c871d1acbe87e16f1298581eea80d9ad4aad8e42f7c1416
vehicules/dundreary-landstalker-xl.html,modifié,4064a8d3df03a0dfeabb8c096ca685377e9dab8b4ff86e89ca4b4ebc4e618fb7,baf9d0054c337ed16d89b20e6afbf84abafa6423e7173945d0239d056dc23815
vehicules/dundreary-police-landstalker-xl.html,modifié,7fb2ee3f45c00aae0cadf74fd567284a1d59120549f9dc847ed1d59c5e9c6de1,9ea01a2cc7169dd3201e84b8675d9e59c9ee7eca7d86088ec75e4d147e16dc6b
vehicules/electric-scooter.html,modifié,46161187d27eae37871e46d6b0e62ebc8363f67b251e50809faed0ec499d52cc,eb60fe46fa16ce7eb55a483d2f67e937c74eadfedcf0b09d6e03a1aec95254f1
vehicules/endurex-race-bike.html,modifié,b0578dd4f25395ffe5415666b608015abf07bfb02c43e92f641afa8e3f5af1f6,4ce909482c816e24e20eb55f2e509bd8f9cf95fc15ceb786e1a09ddbd29b95ed
vehicules/enus-jubilee.html,modifié,928529ca516842cb759e43b8e20dd6185e175e53868fd45e43b6527fe7a932e9,4d2ac89991e672e21107283ef07abc24310127fd0902a8b8dc0298ba20eb14d3
vehicules/enus-paragon-r.html,modifié,1b41942494e88322e54460978f813c65bafc5c915d87dac8df33a4f178c16a87,6f1acfa717d0d1bb88294fe54eb2f6c926c8cac81600a7b10ab2c0a24e1b29fa
vehicules/enus-windsor.html,modifié,02c8d508329ae2c88adc5cc44aa2ce566b2fd2bfeaaeba0d62a10a2fb56a0ecf,aab61fec43f0a44cd7e639b7d17c488c3fdd4dd81b1584eb0a063c08e94caf25
vehicules/fathom-fr36.html,modifié,6c1256cca2b5c627d3798566637b52e948a40b7a62aafe1f0fc2e33ef4296ef2,e60bfa3c4c2fa35da99a2c6b58484882cc9b52ad58cebd32581dc65303abd218
vehicules/ferry.html,modifié,bf1c0dd46ec54a87322900565e6e8d4a6ce9383c72e071407dd2b92d60d95d40,212c852d94d823fe04c4d2f7c0b5a2ca5cb53e3c5816027b3d7458083a26696f
vehicules/final.js,supprimé du chemin initial,12620c64334584db5aab5fa7aea1e5e082a385e1f12efe88740dc49845406d12,
vehicules/fishing-boat.html,modifié,a977c82e41bf246bb91f6244705cbfe9a7401d8ebec27b3b10c43ed3cabefd9f,a4485e41e8a31ccc0105d83d4fbe1726a60b94d48bea653b7b24a48e9895fe60
vehicules/ford-econoline-4.html,modifié,be36fad8ba33a87fd8bd02d4dd86732defea8338169dae1bbf14f7ca83aa6b15,69d22a533ad162f05f97d0bd70305391b458af823ff82b464a5fa2cd075a3028
vehicules/ford-explorer-2.html,modifié,220aae08e83458bb9b4713d15338429974c117d4d93ae39e5a767d9ba2b8aa19,04191bb93adc9cc12b4c9b27f1450a29b2403e75b5c29bef7c9a7020fe9ff0c2
vehicules/ford-explorer-police.html,modifié,88ea27f3d4125eb5c83eaf723ad18882501d70bb00f294f59a5cc682f3f3def4,ceaf6b0640a7ecd244221a8b44d5c47084ea0c58482e13d01a9b0235cb8ac0ae
vehicules/ford-explorer-sport-trac.html,modifié,33d475771d7da1e741b0ca19c491e8313ca22340331467cbf759f1d430a1444d,4920552ebfeb9bcbdbc0974b371eeae782a35d464e517b218605cd88a0532150
vehicules/ford-f-series-3.html,modifié,abd0f2e84d41bff66fd39f186aa7f72ba4f6b83049afb9302cc3355a0a084656,474aa28698c5c1b7c40dcf18a199062b1fddae2b753b0c1485a03e2d701b7d85
vehicules/ford-f-series-flatbed.html,modifié,d6db702e79acfc1278063fbe5987878175876ed3d2024b66e55d17f103f548cb,f4b45d18ddc821d4df1adf22139bc6aab546cd97b4394ef159045ad3d6fde308
vehicules/ford-f-series-tow-truck.html,modifié,c85259d49562fe40d7930202f28173d365996f19f597634ca9c43d6b93977403,d54ef138e60d64d3fc7a7a8bde88390526c357ffb27f66498c477bddf771c3c0
vehicules/ford-taurus.html,modifié,0e899a4c4bb9f772018131ed5b8c4fb5c6b66dd2229d8b7588e3577bfd95677e,91086c86e915cd0f2ff1168b6b5386e7f4b6ac494ce6eb7cf43a1682b489b460
vehicules/ford-transit-4.html,modifié,e0308b8ede699a4ccf70b99f1d1a224fa83a17869ebdcdd1871ab58d9b3bd82f,ba75ff2dc4a3dad8860acee8757015e7c37cd812174e9bf3b0c299ac8c483271
vehicules/ford-transit-cargo-4.html,modifié,fd18b8b2a1dd2bf5cd83f5b109dea07b78f84d5216f411e67f003dd97d1fe7a6,3907efbc64ac21c7baaee95aa8fc72bfd12e5d3cf27e65144df1e8f942e1465f
vehicules/frauscher-1017-gt.html,modifié,a412ed7ce9982c0503d221d2c2a6725acd3921b967ea76f97ef7654cabdaa243,f90361db73418cdf253dad719a127fa32904a6d57a395f142ac069f37252a39c
vehicules/freight-train.html,modifié,05903a76a5c116cc42485734d0a59d8729f85916133cb8cfbe436c6b2e577ba3,1280ed2ff015babb506494cb66e3a352b81ceff3607bc7d84a3f5664ae858655
vehicules/gallivanter-baller-st.html,modifié,433620aa5c3b9c691a3ac709d10ef6826d6fb264501cf696e15d1699151352a4,c959eda4f713271b6aa0d91d7638d131d7ecd74abef684a8c1f8d7ad20f5dff5
vehicules/gallivanter-baller.html,modifié,cfe9ad4f96e7da8019372fc16638e4b14bb64e9e9e66dfc2fd9cfb24b00036cf,c20818c8d88fd294fd2cc1fc3965ae0e7e49fe3013ecc065e9e5fd92ab90aa64
vehicules/gen.js,supprimé du chemin initial,61aa54e5deaadf65e147675df1e7251b1d457e81994c3323873b4b7e6fa1ff99,
vehicules/grotti-carbonizzare.html,modifié,92bd9f3cbfefa16251275c0b579b0a123d9fa5f7224739eb06b55397c939e6df,24ce6000c6194e3e02b11c887c7093c47211c2ecb06de0a4d66d4550ca7e3d6b
vehicules/grotti-cheetah-classic.html,modifié,7a09928a5e0eddde6d6fd03a3d4e48bb75c37543b421cdd288826969d58f47d0,dd3ad4f08052f52d6cd49db35d82399da498a09d5f1f23ca60149189d3aa82bb
vehicules/grotti-furia.html,modifié,6d0b1c2d03056b6c7e2fdb2a48fa7136f957e02ef1475da9a0981c3086422006,e45d5be4aad197b7ba8ac1965371d4ff321f1c1a2f14481bdc1f710ee0f398bd
vehicules/grotti-itali-gto.html,modifié,0a38ad5842ffed3a6b761b10d26f30343affeaf442399ee06f355738db550a2b,0e407e89fea21f95c157f6b47ddf60bb50b5b0a4a9b3d7d079a61447e5bd45be
vehicules/grotti-itali-rsx.html,modifié,48b66befa4a1253a278e532c78d3a36ce31f7a72b0ee4046ce34e2eaf05c7e8e,37c321d4e18b4fe772779a50eea69ab913bad4c2fd5e614b39a88a731a39747e
vehicules/highfield-sport-900.html,modifié,3fda8d064c40e72400b12c48497eadddd3c41bc992f69fae4c15dd48ea724b76,3a45ab2f555c34e8931e21c58aed6f90501c345ae9aa3bcfef708617b60667ad
vehicules/honda-accord-10.html,modifié,2b7a2c6984feb0b207b891dd6393732e7b34828f1990e72e056864b755688529,3fce345bb2b625e981b9082b13f6406cf96b6efe58958fb67cf99e5d2028dd63
vehicules/horizon-power-catamarans-pc60.html,modifié,2bd9eba2c3c0734fe94f13d47461347eabea620dc613da3cb61ef78be7302c2c,05dced6c8013efdb699a532ec556fc50437c576f17d3192cdd4678674ac8de9d
vehicules/hvy-airtug.html,modifié,a5ded1d9ad86a139c8cb0b14fbcd19baa951e01ac3a4af16ea20cd6706a60299,2c51443f9ad87f031cafb37fd052ea60e5a672a568032c9975daf43b05c54c91
vehicules/hvy-biff.html,modifié,700f2f2184548002112f4319aa921713d947c923a5903931a6f548fee3652741,bf3fc8867476c80dfa8bf102c3936bcb34b880b3e74c7d139a25bdc0673f695f
vehicules/hvy-forklift.html,modifié,1cd6650e3afa2149d028d4b6678e50f7421d9e0d743ee2b830430da004310409,4bba6d2542a5b1c88660cebe7ec8dcc7fde0a9e0aa7423ee73fabe9a47a2033c
vehicules/hvy-mixer.html,modifié,ca238e4a7970ff201794345196cbd55d21183776af14c076bb1984c1dcea8829,04f9550137803ef8a5c4dcb66efbb067b24200f8d638c4cf685dca9f95bf88a8
vehicules/imponte-phoenix.html,modifié,8d90bf662826bf9ff24c38c5b1ab432f8d2acc73eb6419282baa566ad0b13721,927c8505c47edb21c4c8183896b6be4bd3d72b2f6d44f5a7756bdcc03dc17418
vehicules/imponte-ruiner.html,modifié,3121f07edecb8f7d498b253c0c3503d64ae449ed5286cb8a06ffcafe3e38b398,2c61a60fe554e7c8edb66d98084f8169e961b32fc4ebd0bb9cca3026aa0a8aa8
vehicules/international-s-series-semi-truck.html,modifié,e2c2308497a3d0a722380215b11d5e737661d39e62b0769d0a30bbcd9fd47bbf,781fa6c28cdab223355ebf557b21962e4dd029da4cac7a6f6d24140bb71a123f
vehicules/invetero-coquette-d10.html,modifié,9d4f86823d196816442f0011de8b97063495fc840b2f63a0a2faa8c56bfbbbfb,3fd7d60b23fe2847dcfed9e64759e870b5068491a82874e8063d345ed571f2bf
vehicules/invetero-coquette.html,modifié,a1c6ca54721a9e63f0fbe214e58b7601c76e500a6d9af03cdbb01cd9c1dae3b5,7a7052cf1f943e3c0b4a4d5ee35a3a601ab75bbf228a25775f304970827e2505
vehicules/isuzu-elf-250.html,modifié,d68e274269043dab02d00d2ad0185a9a24c72bb8a171430684e0fd266e0f3594,96568cc25c4f45f35993984131e53d5534dd59a4bfad6a68a941ccecb4716bc1
vehicules/jacksheepe-excavator.html,modifié,855e94c5bcad2e13a4d07299cd9b0190ab55660996baa87261eeeaa2d9ce3215,7d3784ca7ff8ff8dade596522e467c62aec94a0fd9dbaabda56fc4b5aa64c408
vehicules/jeep-scrambler-cj8.html,modifié,3c29935b289cf113e563cac18634b783792ced51eefa03cb9d1defcc0eaa4fae,b87d6153e4ae68b04e5c4d437ae1ff0eed486df304d4ecc824ec435d8a8bc5d1
vehicules/jet.html,modifié,91e53cd892324b45b8cf6c0ae684d9c42cc90bda44257edbe39860c60a7b5263,bf1a0bbd015f015f8c1f59ba2a9f7d1bff9268b723d4b2f5a7513bc70485e25d
vehicules/jobuilt-hauler.html,modifié,405b302d9e2e0a18dc706668ad93cb164f526da1f074cc41d73648e71a91f38e,354f3e66337358a13a167fba976b6a3808a759ad5c094080bbf7281fdceb96d9
vehicules/jobuilt-mammatus.html,modifié,b6480d69c6f01c6eeb690cff63a63108a6d90611ac6b9ce3e9dc5e3288744621,a48ad23ad103186e3b6cc0af71cfb4a531a0525494c9f361973e180749c13644
vehicules/jobuilt-phantom-custom.html,modifié,916741458fd8aeebe058a3af1d3a19fa2bb73cae713edc2012b23e76a59063ff,76f37e1dd249e8cd58419efed0602b7084e0571082cc1112accf47af3369127e
vehicules/jobuilt-phantom.html,modifié,d247a0f73c20abb1d9a6d72e6b6de719c31efe3339d1360daae9eae10eb0ed85,42e82cf0ba46c9b20b2b51edebd4264cc50817e800f849da7c4e5ceda82010ec
vehicules/jobuilt-rubble.html,modifié,161b14be3bbd4e62c5825b1de94208404af6b43ae4253bb9e206b3c01a0a4ffb,864394744960ac7ca74ae649f2e6c42096debcb2c632dc6a45dab86df29a747b
vehicules/karin-asterope-gz.html,modifié,5f06bd8e40a354a2e1c2d4cb6bf0d0a12ba751ca5c13d73a981ab7a415781a25,9c1d2bafcf00435f9e1487afda023ab34b33968f5e82d25264d86fad78e9ddc7
vehicules/karin-asterope.html,modifié,2746138247218b07b5b3f4d63190e71fb214d7252350bde0182b80b04cf78b7e,d44a42a3d977a9c646353c720e408afca409d229e325bb1cd370a061c85a300e
vehicules/karin-intruder.html,modifié,ebb9faabf49c3074656f0c8bf171ffe503bb979b8287b0a5e4142859e8f55f45,456e49735acf4bd00caf8a97f17f19d238e29d5eb8faa444ce336be00b2003b2
vehicules/karin-sultan-rs.html,modifié,7c89ea3b358cdd88f7b72c567d37e1f16605e3ef6c21f2d7ea7b1f52f72b3fac,b8d2bc73d6f24ee5989b48bc42ddd1f718f867df1c36dcca3a7a52e79e601891
vehicules/karin-sultan.html,modifié,78a30840a975e50d8f58ea394755743f9b3a8bfd2b800f3903c42da0ab985a97,c60794b21c81f5e07a46cc577661338fc5f4378b24e4a56809eda50fbf9c510d
vehicules/karin-vivanite.html,modifié,4461e18b7d014e947dfdf72f2722080150bb29dbdbd2b0312c9ef5da691f1a1b,d020b6cdce4e0bf00090531788ed93e7d770dcffd2591d406e3399e02daa2131
vehicules/kellison-j4.html,modifié,81d6384783daccc147b40422eecbe41c65f0d2344b1c5891fc0e01fd643e237d,83f01855b2fd44600b3110619751059339c5f72d14ade63b1f66381fcdeff4a0
vehicules/lamborghini-aventador.html,modifié,26e3105b5339e0c5446a0d170354b1df2c875761dad1a8b69379403584de3f87,a605b94fe697f86230f7dd737c5be5f6f15d0df9fff7dce094fae4acb5939716
vehicules/lampadati-feroci.html,modifié,13bd61d7f59e87db50a35a61513b2ee26d9fe1c984f6dd3c7dc1b1c6093b6486,b1483e6b6dfb77ea59323186eab14c8909b2869b3ef205feb21d68b1b592848b
vehicules/lampadati-novak.html,modifié,5c83384a3fd7af9c0ffb316a38b36c66671b7ef4674fedf53642bebb23b4fda7,a6dcd38e29776c4b150dc5638adc3d09050d017a8cc2169012dd10c38d962c59
vehicules/lcc-avarus.html,modifié,df7cfebff65fc83cb3be0fd2543f45f96f93e15666214a332b524ac8b18dcf82,7da84fc9cf2d85c2aa4ed4bfe979f488522609cbf91d708698b9a61fad2c9388
vehicules/lincoln-mark-viii.html,modifié,3d76544398d966dc646adffd619094afcf083446feb8a2cd7a04076d51e5ded5,2bcf4206458369d296c2c44a1fb90de9fb9c307d128df9a7da22aedb8bdfb7b0
vehicules/lombike.html,modifié,9e6d4c2f9e2d31628548a9735192e65e1238f58200a164f23ef05fb62648db8e,d813fb9e5404c594ab34b47373086f4033f3e2f6b3b10adef6a7153f2201f454
vehicules/lure-predator-l35p-police.html,modifié,c632d0118563db40a906311471e493ea4af8316a3ef169b9dc2703e665c6c766,3b0ec2baf819dd9d35babb51cb79da534c120390466b0fbed68bd00e0fbe8fb8
vehicules/lure-predator-l35p.html,modifié,20e911cfc9fd6611c6871fc8c83841631500a7dec8ed9f7ad828b3c5e6957797,d3ce0f8d91f58b9f0c3402b1ecf1cd596bd1e70b7301e0f5094b6282274b4ee1
vehicules/lure-predator-s23.html,modifié,04282d406528e1214ffd44c25f2d8c460dffc355043098312f6bd86fc4cb484c,fcaf8680baab8d370d034b06f24109375c76e9e5bd567046185fbcfc891751c1
vehicules/lurssen-73m-coral-ocean.html,modifié,4b8d9d3678bad20be709cab1fa389591ef7fe795f9f3b115929dee3c0c4b6f07,da2698c40ddc6761fe58ebfd285779db19e05e186ef9d4580be5a9c6a4738d21
vehicules/maibatsu-manchez.html,modifié,00ba0c10645bc9dd9a366608a3a4dbc5322004236db2074eb8b6a03c0396cf13,5721f364d90af45021c0b5a57e36d3bd400110c3eb8754b404a160c4e2a63df7
vehicules/maibatsu-mule.html,modifié,87b0bd8d7333532f703833d350d47d5d02055712f4b1449c9bda9455f692e1ab,70cef6c2d7432392de9ced076ead8af927ea5448a070bcc71d5e03102be2febc
vehicules/maibatsu-penumbra-ff.html,modifié,2c069edd608c43741206ef3434a332fa17a6cdcd83451d9c7fd123ff33e12d59,40fdbdd22b42503b905b8e03fa7163fb373e77e40901ac20113522ae169ef24b
vehicules/maibatsu-penumbra.html,modifié,cf9bf2414901620bc8c0527bb24c196f630c48d05cab8a1cb855db40591afa70,4cc600d73b852ebf6362b49398977a1b4617dbaf4aa8ebaf001349f6ff1c2b70
vehicules/maibatsu-sanchez.html,modifié,0c0a3d64bcde57ced41eae78f95c2c074cfa64f92edd4689dd7202b2c693e384,e9a6641af1071d477b53c04f21ee720b59840d61f73e0bebc89978a45d121056
vehicules/mammoth-dodo.html,modifié,98329728c5963b38dc671b4a546e1f28b2d90cb8dc7d723e08666f13100aa073,15f181983442254139add419db70db5317119c8b9f7b76850c66bd35035bfc47
vehicules/mammoth-patriot-mil-spec.html,modifié,523fcd6cb28598dcb89234a594ab995af7ecbef0780e0db74554723c966eac5c,ecd223fd08891c0877f73007b2f909de9a16cf0cf4833ddc89235117d18f7b1e
vehicules/mammoth-streamer216.html,modifié,903d6337b2f63a6d66ad3d7466a94840f8cd9939c13922a49aea5bfd60a4d4b7,af20978ef964530da59640fab06721fa9bb6cdcc06f343e5249bd30d2b373189
vehicules/mercedes-c-w205.html,modifié,115b80fc2c913e3170fe2b0cd248ed3b13c15c9fadb82b5b19764b101225641e,9955cb9bba66d55877a01ad1cb1b61e58deb811b8f465e113b275c88d434a55f
vehicules/mercedes-cle-a236.html,modifié,9d8fcc950b9a399185d175cd7a6a0e54216e2c701ae9aabb1425cfb686fdfff4,e8cd4a949afd7ab5b9add2ec263ebb757c5c95c000001a1aecd45a91275589ba
vehicules/mercedes-sprinter-2.html,modifié,8e305e23ae96f9ec179547e755d3903246b50d37e396fc277b0baea53722f50b,c187539e0b5bde7a4d443ed7d4805aa99227848cc2ac7302e6d21b5d84d7ad38
vehicules/monorail-de-vice-city.html,modifié,578fbacb77de7642358983c146a4a32e12ac9b3fab6f027c4c5e9ce52ae710a0,be63da227cd40b1d6d851bc2ba1b4b325e763c387f6ad0bcb94266c87b79d566
vehicules/moocher.html,modifié,b551b41b5e782c3be09a90d8d4977690a83e6a1054038b940f2c8ced0dbef285,d8b1f333ba77854af976f97c483dfc78f5b61cc31015ebf16363f38158004691
vehicules/mtl-flatbed.html,modifié,a7deb43b5682a66f5afbf9f4bb3d9d284c917c3b50dd7dd09fb01a2ec7604405,2454ac1e7a5193f48c99933c1bf51262369912277241c28defab163d5ac886a2
vehicules/mtl-packer.html,modifié,939a9104c73ff23d08c3fb1db71b1f750a3bfcbb8a4d04318c33e7846560930a,4d7b1341ed897da99d3f9011eeaead059e7c99016a8515f104998616a7b88861
vehicules/nagasaki-blazer-lifeguard.html,modifié,d99571af2c3a265e0f6da010697e0a60c890dd02bcc17e7cc24e2e0c1f4282d9,cf143ed70a1b6b9c24dcf50050f77fe282d7ef3c1f0e4db40eaf2ea11b20bc39
vehicules/nagasaki-blazer.html,modifié,c2e9582667f9ff67b61e1fba16e32ba704c1a75e34062c5dc90497238843c70e,df628d6f67980789831df23b8b4404e360ea210d85dff0fe25ed1aa90f37b8ad
vehicules/nagasaki-caddy.html,modifié,84a53f186f2303dab333637d1775a62ed464f9fe15b87bfa07f64ddf275c608c,4a7c3ec454f8fa090b050d9a728b9b50d322a70e6b4a7316094bd452c0ac2b3b
vehicules/nagasaki-carbon-rs.html,modifié,16726a6eafcdf0b298bdf3e08624fcae28212b2815429f23f87dd8fd4fb55ee1,a077335763e35e5686a4de1b413948a201fafcabe7776760a4a8f636d70bd1ba
vehicules/nagasaki-dinghy.html,modifié,e99289e2acc4dc6c9359015e6931fb3125021031f2b7294c4ded53cb9beaa13c,e4bf12293499ad362af15637875773fb5f9d6b341bdb94a981c31edaa8ac0185
vehicules/nagasaki-marquis.html,modifié,7e90e58e778614fa277acf9b8cbc9092317cc928fb7be96070904c79540bd76e,4fbd7b5e1e23c3ea5751dc6c60d157373ee2163ed1bb765231f0c17fae1e22dd
vehicules/nagasaki-outlaw.html,modifié,a2619c5fa81dc114c895c284b401b5ca54d5d2dbe46f2b099182fab7ebe65d5b,59f819bb5b2a26bd117f63dcfbea3e581e7fc72905cd1889036c9afe4fee1bfe
vehicules/nagasaki-police-buzzard.html,modifié,476fee5bd0209db085d82e0efa9edc57279ba7d2595ab2fbb58f843c1a0c3f78,61342e8ff218fbd7de116ba26c5dc657469d960004c0c311d855c3f6cac4eb72
vehicules/obey-8f-drafter.html,modifié,93814fde0a452ced5573d51cbcef47ce25b76bd5e3f579cb17f114d7c41e6a30,0224d391542bde70b5b12915e5dad9a912014310a7bd4976daafa1a4093aa091
vehicules/obey-tailgater-s.html,modifié,7e2248d8687e484ed7de74918f9b3736f1cca9da79d6acd10866f5ec6ad25c1c,cc4b11db1d1e5553f329f0c8a7c68ca73c4df8c94982c9492228a556580465b4
vehicules/obey-tailgater.html,modifié,bbfd6e9440887748ef261312490aad34b60839c10a34fadfd9cd4f353d538a9d,b04cb4ad5e326b7e290d04761e4af33b362dcd1cde0d547c01803d7386d1b195
vehicules/oceanic.html,modifié,717147316e60026dd9e876f3e74df61ab4afbe0eefa492729384cdc1fa274d11,d06669e140b2ad1ca542c885caed84246a05b4eb3adb18431b858a4a5558e92c
vehicules/ocelot-jugular.html,modifié,0e7ac6149e132fe5ae00da936faa7ebab274b1b9c0457f3aa0181547856ade7c,3af61fb2dca6568b00eb08d6ba2d5854465bde8cca5ccf3c6f9a457aaf7d946d
vehicules/overflod-omnis-e-gt.html,modifié,4870800b52011ef47c24bc19c5b0789fdb1a3bf13ab63ac7e68f350540d7c870,a0ed9469c87d82769a468fdf5f5c9ceae8393a63bf53f9e6496a5f8275abd37d
vehicules/pegassi-bati-801.html,modifié,e5c718fcd727f89e129d287904292b13e980bfb613a4c7ae56969a858f647cdb,faf3442ef031c82511f59ebff28fa3a6404bf4689132f3969c13f134c5380e02
vehicules/pegassi-faggio.html,modifié,63a268394cd9f845709c70d545d70a266a7886b3276128f7a4b2936f251d8481,c49563a8677fdf1873d2ea1c7493211ac4bb23f620f4144a66f1b7b231d78692
vehicules/pegassi-infernus-classic.html,modifié,f66765fae45830712f3bbf49069ca0992740baeede733db813dd5cacf3e23edd,008682caf2b2dfd93c11b6c101daacd66b54a56f140b8c58c68995408a720734
vehicules/pegassi-speeder.html,modifié,7e8e75e73cbf04173ec4853dc52c3e7483bf7cd38e7595bc432b06840002a0d5,0b67ffd667aabf5cfa2a96869a1e5afed1d430f9335b4eb687ebce9d2ef71d9e
vehicules/pegassi-tempesta.html,modifié,375dbe59e240fb5f570e73a043b26ed5eb63ae1b87bb643aec53199a1815c43f,cee09aa5d305545f49a7c2fac6ef66ec70b35332522ff2cce051e6d0d6a128c8
vehicules/pegassi-toros.html,modifié,e15446424074b679b170f2f729f6a73e9f70baf969acd31b21dead51586828e9,d22fd0949ed037524ccabb62b95371258e7bbc94aad0daec953d06ce092f32b3
vehicules/pegassi-zentorno.html,modifié,721f45a9c7d0c069ee7e70825a341e44055beba0ffe80db5ae4a2baa48efeb0f,ddd7fa5df103c9804c14e23d06c9bbaf3602588a4ae847400e629e2aad6af003
vehicules/pegassi-zorrusso.html,modifié,87815232f728f38b4252efdddbfdc9e46aa91e41f2348c26ac8870e96b2b2cef,e647393c86b1c303bea8de800468a2d790b2147930f708613b37bbf3bf700916
vehicules/pfister-astron.html,modifié,98d1dbd2c1c1dfca9496f955995edf9ed7d0a7be61ee60d698ee57b410ba8999,4021f5049e1f6af5e205cecf68be9eb441b4903322a0a630448f2d9be24d7070
vehicules/pfister-comet-retro-custom.html,modifié,ad360599295ef9e888d6f935b04448b2f5f40d61a045fa5cfb5b6f9126b97aa4,c34717d87b45243766be205b64a2e2a259d09e2e7858ec8de5bc081bfe47a9d1
vehicules/pfister-comet-s2-cabrio.html,modifié,d5e59a82a2e69f946f4fee0816144f90c733f58a058d886890d28ea87dc80298,390afe99c4e5855e19ea5be16c012d7f57aff37c73b196ec509de0cf14219c79
vehicules/pfister-comet-s2.html,modifié,5ace0c87886317bea07b83f57f4a8c7d4379a3670a921d9a8d2abddceb8f779c,4f99ba78fb31fdc5f6c90f80f81f2ff3cee135af877da51694ce6402bf20028d
vehicules/pfister-neon.html,modifié,a17c9877bbf05d81361db81938cf3bd383cf97830ec59b2f621ec200470470b7,1c0cd057920855d003ebe29418cbc544f5e3e5e11163241adfae3e677ef63781
vehicules/pomazoom-mobility-scooter.html,modifié,b2584fa42e3fafc0bb43c8fa208a899dd40f4cc7b4dc85c85ef4ab32d145d1c0,8786ed360cfc7928fcc9f6afe1061c424e4a6dfb1e857c33b8eec1cad696caf9
vehicules/principe-alvino-v1.html,modifié,128732861f21384e77880ff94875fe08e5c8240c01af58aff73038589c1ba091,c9bd56a6399d9b57e5db8fcc6fdd1340cfcab6daee077832090a40b313620acf
vehicules/principe-lectro.html,modifié,00ee7d6c42e3d336e1f0e60daff978e357512abe2917441f7052e3ebed67ffe3,b1066239f81e920bc12fd852003b3f6fe7bb5934a18bdb843839532aefca6642
vehicules/progen-emerus.html,modifié,4864e2a649fd570d758ac8393d5e07f073b88bb67fc1ac368c2d3dca75b45238,8ea686c168c0e754e9ea3b78f50bb3daada8ce696aa255d5c9ac9a3532cc75ee
vehicules/ram-3500.html,modifié,bacbdbab1cae9e577f2d9c68036c3699a254b9233b505a0ffa4331d599e6e8fa,e7e54409bb883c958b417e256f4345b725d32d78a1a519068d12ad1177e56b51
vehicules/rb-s-ii.html,modifié,bd64531919493dd8ff894b9c4176c112a5a950a4a3f9b16bdc2d982df96fc32a,080632c69ca0f7d7ef2a7803372fa492aea5933024eeffc082b2adc050114e70
vehicules/rb-s.html,modifié,49d76f585aee37771b817d8b2e9ac7c4dede8d9841c3522ab64f7145e048a702,8a92ca44cfcbca7cd8d2ce2814b0c4712b9a100c359cf05bbec9182e971fec9f
vehicules/rexhall-rose-air.html,modifié,00c6fa78dc692c7ed26232915d456964abe34fdadb5e6729ceeaf78e97a8a059,579bdf60070bbd0afa0770c7805be3eb40a2beed0f7a3b6a0b1f4893b66b0281
vehicules/riva-86-domino.html,modifié,5a9b0ad750469ab6294f1a9dbe680318a1698f34fa46f66370b42c9ff2e13cbd,1ff47e928afe0c0293892bda3ffe2eb1444994f7dbc0ca91e59acc146f2780a9
vehicules/schyster-deviant.html,modifié,98b8b9cb207cf1bbc4888e0b38bc886f5fdf44b6ba3190e727d90f32a1638bb5,54568611fb31867b0e43bd243dbeb7d87dc9d5ee32facfedb345892decb9dd47
vehicules/schyster-pmp-700.html,modifié,242f608481f23baabe7a6fef162a4bb6d60491e22f76da6b8c98066f5d2feab0,88387c89865c9128e454141d885015796f888e9b9e28b36c51bc34de77978f48
vehicules/scorcher.html,modifié,2e28b440f768466fc0d7b9ba7c8e362f713d2389b788e74dcf745c37b347ebf8,8617cfa2c9e9af7dcd821c347e2a7e15d1ef44a320caea48cbd4bb263907ee55
vehicules/sea-doo-rxt-x-300.html,modifié,93fe5f433d0a2308961d210ec94822ebc7635b3165aa930f6e14f93a2ece003a,80a1c98c470ef708dc649e0cec6b211636342f98b05729a1fa7dd2e0698a43c1
vehicules/sea-ray-350-sundancer.html,modifié,0866240b4c4e6270a33dd802da64a2c719a99e9d8fbed3d79b16d44f0b7a2954,f9e477cecdbd9eadd111a192845283c35905c9a3bf91a111e4711178e210d33a
vehicules/search-index.js,supprimé du chemin initial,b19a27e5d19dab60262a59b88d825108d3636e20bd1e91c3730f77b97a533eaa,
vehicules/shipyard-de-hoop-brion.html,modifié,aea791761f450d95b264680809a6048c8df343977b25242697b885871e2468c0,b3c451ff2206e67bc303cdc6c0130f75b77fd9f41c157c26c5e82387a82baf7b
vehicules/shitzu-longfin.html,modifié,e8f0d65133dc1469441bed615a7ec8d464f0fa9bc72ca36f71b157e2dfa494fe,f47338a6ea71f21e942aa1dbc57a4caf0690a6bffec82652a81161721158a2ff
vehicules/shitzu-pcj-600.html,modifié,c10f91d6a7e3e3afb6287e72ee415889a8213e4e30d0b916dbe3b794fe2a0e07,cf937d11c173ec2a500fce71be38f8bf36e777407aefeec5b5dbb3441253292c
vehicules/shitzu-squalo.html,modifié,626365fd2e399695f0f1e1d85094691e563d1f5e1f5baab4da3f0035601e81eb,db41ec991398adfa13f15aba0579257c4bedda480e0f88d4f36c4d61d0e4cd54
vehicules/shitzu-tropic.html,modifié,89290f9896eb52408fb87988e1ba638ca3d8d674554f399a6a0e1c51e0464907,f4682009ca5f0c71f16728c2f3df8630d04bf2f163cd7a8a012292e123e1f2cd
vehicules/sirius.html,modifié,e0f6e2aaac9cd565f10217ea219cbc2a110053af1f37f7a1e61630937ef6f4b9,d5340f7ade76f0c50e09c0ef64da0c0d1b839c1f25b516341d5e6bfb3d41b44c
vehicules/sitemap-fiches.xml,supprimé du chemin initial,7b51238536a8d37b66355fd3a92b98b224605800299d17c6e1fe74cb0e8096ea,
vehicules/sitemap.xml,supprimé du chemin initial,c9fe47ce75bc890b1b2a6074177537aa2ad120fed02ce14d94081d0b5f8c78b1,
vehicules/skater-388.html,modifié,350a4e356421af97ed0db314c95c87dc4584d99c1d16dd223ce58a69f039ed4b,28c68540d005c374d7cf91c36c1570f6f52ed1a9735924eb4549f8a5883fc4d8
vehicules/speedophile-seashark.html,modifié,00e42cf195df6c8189b9adb3dd776e400dfdc9e48629b51d353acfd3678dbb51,78bd125f19f2596f556b2de4323c11811f35b47557c62d7b2a94d456be3aa714
vehicules/suzuki-gsx-r1000.html,modifié,63b6ae4ccdcb1eceec71216997743a7e97ee93c4b14f701c353bee7caa3fe694,66dd19f472cddba7e218fae23062f7cf16c4672897dca6264c0af359c30b4509
vehicules/swamp-buggy.html,modifié,430c22409cf6e4fd1ebee124bd94f8795f480d14bb829ad85736a26788e99fd7,518370eea10873cd772598c95fbac0cf86eb8ea7bddf6d9c158030c7b6e52bba
vehicules/toyota-rav4-5.html,modifié,5406de8b2d2ae4c095aea9151f5c3e9daf45aa8028eaa8da0edae59af8e820ed,270dc0614536d5c4fd842fb24608f156273fad76b40c44effd55157aaa07863f
vehicules/ubermacht-cypher.html,modifié,4d4e1041030571b52614ad3ed0ee4dc7282b7e83b936500e3d885f1a5ad2ad34,cd4b97035b753a637f2efb9ede9cd5856fd6dc3dfebd8f0306dacc82907c96bc
vehicules/ubermacht-rebla-gts.html,modifié,981b32a4d27726b5370dad0af6bc4cf2483025ee4e8cef72571d10faf205d292,7f563cca75bb4f615be78d10db201383cdc1f0e9f227c28abd26afebf6e3168e
vehicules/ubermacht-sentinel-classic.html,modifié,ca21f130cb18e53eefd9c94928e30207f333d5ffbd9b4cdb7d5842e3eff42637,404afd74851f3d021db2b3abd8ca5629e1d85f66da3dfc47af47126570eee5fa
vehicules/ubermacht-sentinel-xs.html,modifié,514fa952978d403714b1b76926ba07691a862174dface59835b5e13fc8f23ef7,3577e8f0cdf2f4dce22dc6719c5f094e07707120bf75225f3cbdf119d043b9c8
vehicules/ubermacht-zion-cabrio.html,modifié,e02fb5d5576906c597bd5620e37ea6a83e2956c76a83c31eee5ed89da91f528d,ced6a2948ba39c14b809fd2f82c0ed12402695cd174884ae2055079c8b117ff0
vehicules/ubermacht-zion.html,modifié,053b9162c62e76f393341ef8f28e89dc35e906b15013d9d2856f7e0dae8f7a7f,4ec390c7088bb2bbf33c41ea0f03923a4b6f034887acc2be29522c60ae6d4bbb
vehicules/vapid-aleutian.html,modifié,589f9aa824c6c3e180a396ef68b9b036446409de35714fa0c3877f35319f4ce4,29e3948e0d6465855e665672c83c1a67ca2779fbf1bfb541b1104052457731cd
vehicules/vapid-benson.html,modifié,428a696e7339c31b27bc574f8247861cfa91c7f47fec222c860cf64578cbcbec,3789c33e943ca16b11a1242b52797f8e3e836d538169c7061e501e6f54137d2e
vehicules/vapid-bobcat-xl.html,modifié,1e5889e84a04462e3a8773128d22c55c9096d07c8044d38865e12e91fa39e7d3,940d5901bfaa175968a895a0afcc89e90ffd6813692fa990c1c1edafd6dc7920
vehicules/vapid-caracara-4x4.html,modifié,9e2754eac1b3c53a2eb464a2a60dce7e1e0f7a41c4bd61aca30ce2eed1d8afcf,92bae6f62c1156e59a35ba4fafc1af2debb350e816a08196ecc907cf28f40434
vehicules/vapid-caracara-lifeguard.html,modifié,e821f06162ea173067c9b5d067dc031595b49b19d117bcfccd1d2781b19eeb89,ed52e01a71ff0c4400e9dfebd7caddf9aebcb55efc6ed4d28d0d873b23d0f0c7
vehicules/vapid-caracara.html,modifié,6d25f82ac74a07f7fbba4d03589ed79a86b21d230928c5db9daa42634012ec82,cfd98d79b672183a12561d2bd65d813f6faab3fbd2532b27a382092d5c6c8c6c
vehicules/vapid-chino-custom.html,modifié,1a54fb93d79e1dbd2112a440635de470b8cb22aafb05b52880c750297327f1d4,330ec967737b3a8635a58950ea7201208c99041cfd5ed9979fd9ee9b6f4e074b
vehicules/vapid-chino.html,modifié,01dd7afe5a976885d51393ac5857875f02bbfd2a8168e095ebf23ef377cfe4b8,461fa5b6f08fdf944ea15d0937c9cd0a14f1e0747c0468a202f82e4674d6c82b
vehicules/vapid-contender.html,modifié,e4e03c70a293ec50866cccc39d591ffb7309b49b49a6e2e327e78567f51fa396,00a4779042447416ce10213572083bcba4c356dba81693d657688eea9554af1b
vehicules/vapid-dominator-67.html,modifié,e48b595835b280ad496fbc8fe4facfd0a07895dfe2a46b6be0e79b44d53d337e,467cc668aa29deb52d3acd97603075a54c52ce1fc6c84404ac6060e42c280133
vehicules/vapid-dominator-asp.html,modifié,d0a72fe980e101695a82bd6eed4f438c23c0d484cce42fcbc5c163a1f7d78174,017c64b2afec34dcecd21a54831fa840c45ff01c871af1d793100700eb467a19
vehicules/vapid-dominator-buggy.html,modifié,b0e5be3509961240c2b9b1842fe7e04c376cee8d1f2f7765611fc75e68e302d5,d5269a69bd87a19c798a3a736303f38875f7728bb14c4a5d83286b62b9801f2d
vehicules/vapid-dominator-gt.html,modifié,8325e0ca761694dfe1396ed358d53f5e3a47e1b5569c2e7f498483dd6c636fac,349fd6212e2522df90c922bdbef31b61d8f2108c7ea2a784701d580e3dfcb4cb
vehicules/vapid-dominator-gtx.html,modifié,6999023b147c851fc873409c03ac22e7bafde1e7a8f591c644a53236ec652699,b8c55009d58f331819c0f7755a2f1abeec37a890b9c6e10c059079636e1bc3ae
vehicules/vapid-dominator.html,modifié,92e5b2019cf3398463cd10d8e2945875617782d33eed75b835035ac3791e98a3,9b21cf41a80d2bb2f5d281a9ebe41bdc9c8a46fc25687becb72049e9674c5b65
vehicules/vapid-ganado.html,modifié,683c6dd7a9eab64f9ba0ba8d8b8a6306b8d8d3a22ff3a28127f0539fc3bf1405,45598faba4ee0cc73e694c0e0b6a1fdb3f2cd9b1a2f07f2196b01776db310371
vehicules/vapid-gauntlet-classic-custom.html,modifié,e29243baa1334133cce99a250bcece8af7b725d9914fec219f72a3042581e145,55c8d64b5686137b77bb430e51b7d83b6ce0ad7044b42e79f253bae002f764db
vehicules/vapid-liberator.html,modifié,aee803b92e412917812e03c85d8135bf1923d42e52720dec1221c84a3b8c1d64,d8f8d24655b781a5c001482110e70b0c8816f5386ce695003e6c8e68274ed371
vehicules/vapid-minivan.html,modifié,a076220c0a7ac23b38a89b7bc979dc1846e73d7a33277628824a1a196db12b7f,1d98f67e88b8e34936f427f00d851f589dfdf222534169b2c17947872eecc23d
vehicules/vapid-montagne.html,modifié,ade7ccb07fa849f0565e96db536c9f65de4c80c4e8b2f6ac7fd1c10f5879c78d,4121d4b99ecc957ab0b7c3532716cf194becc4745a8ed46b2851d669eb25a62b
vehicules/vapid-police-cruiser-interceptor.html,modifié,499b40c4ebad27f00177e1cc978df9d3b4c982861ea43bb89d6d9373cfd68ea5,cb2fd56f6bd80a30293d9c267f327d6941f4ac5380c99e33a8bb2ea166f52e90
vehicules/vapid-police-cruiser-stanier-le.html,modifié,fb6fcb2090b3e989af4ae0f51b3c26375d18d21d3031f8da43e73c271ecd153b,f91cf0d890c19afec033d08d003346ddfe2ad08f2117fc43ba855bb2f1eb6083
vehicules/vapid-police-ghost.html,modifié,76bac272b815f0b0fcb946adec01960b5e711147931e3bab43e0c464f9a77539,69dde537c7be3de73986bdc2dffadb67ba7c5fd36c39763cf070dd38ecad45f6
vehicules/vapid-reclaimer.html,modifié,61cbd9ef4fd2d20ed4c82f8c599e84ae05783bfd4d442d4ce9f781234d572d4e,a050dae6e110d23083eedb1778a8c95d2f0833319967e1d4caf00ba7f0ad214d
vehicules/vapid-riata-classic.html,modifié,1c4f1d897213722a522beb5b4cda6b9425588b2a40b0b330379a4085e26f2278,f49d9ee7c5154d26ebe660564c8260c1bfb9979c18de270fb16bf86b5e2b5722
vehicules/vapid-sadler.html,modifié,5bd98b4dc6ec627c0c66751e2fe14b67e5031671cde2fffd4a8e62891c3d8836,2f8ed25cd3301d6d5d6f8421c03d94e9e2ccdaae5c2c99f25e52b29810232d6c
vehicules/vapid-sandking-xl.html,modifié,53e34ac35ff55cd5a45c6316cb76b3408e979a7c6b53d75858cb3f843e6c452c,6987dfb0631970999d5cd65493844df6d5aae2d16d53ea3dffc289cab55d5234
vehicules/vapid-slamvan.html,modifié,14b6be09e5d110351b7fc885fc490f8a6dd5834606cecf0240b8d6d96ab6efb8,7a52d0ee019ef1c375045a9cd0bea823ca6dfced30680f478d7a062c4ebaf024
vehicules/vapid-speedo.html,modifié,5406ea96384d3eb6b076a2c18445b56efbb26b21f12c341e2574704254b30f82,5d8dbb47390bc45e471b777ed11b3c420a18064cbe1958e4f1478c25fec3a9ec
vehicules/vapid-stanier-le.html,modifié,e58783d400c0fb6fe083d8d561c0eb2da1392c72d233f0cf63ff970b0f6e96f7,5b7798c4c1367b418078a527ba6e685e5af126d56fecb0320a86bd85b63650b6
vehicules/vapid-stanier-moderne.html,modifié,a760f2d95a4ce97de03718c81a92aab4ec1e10eb9965208a107782debcf9d9d9,9cbfdd979aef79118f84528a3d636acef81a3a53eb8cd4dca4fec636ec801b90
vehicules/vapid-stanier.html,modifié,33e35a967bdd868a6e5fbc51c35c35d558f21f0fe4bd52dcf8ac04cc479d2d56,2a1b1f8556246c928d4c5c602a37dc58d8eb3a1b8750e128fc8372b2677bd97e
vehicules/vapid-taxi.html,modifié,342af6f9acfd03d3bd09335555270c5f7db09cf12397d6a02bafecabe16efe57,17b2e5342bb41bc7217393f21f901a94976bc9c989f150d6ff82c128a8e1b525
vehicules/vapid-tow-truck.html,modifié,3ded5dc58317b83a86a1a380b05d87ba77cf542452954d702c86862ef1b033dd,339ba9c19a8b09c1351953d45a715d60389c4a6d1d5417569d5bedcf9ce4ce45
vehicules/vcia-train.html,modifié,81df6c1cd79f0bbfae7bf175dbeeb294aebc53c6077479ce71df353a1df4868c,88e14603bf1014367302a899356e80ae0b1294a8cd83f966285560d5451f5254
vehicules/vcmm-train.html,modifié,203cb5cf805df52379a08e801168b54a25e96fade136d98b5948cfc8005d5f69,ac42f1beb2e09b533736fa0c7e0d8052856e8d6968ec0f3973faf7238988e2d3
vehicules/vehicules-data.js,supprimé du chemin initial,d95f24b81a2ee234772b99ddc902dae345ea2604796e0e2e24d7805c850cf377,
vehicules/vehicules.html,modifié,f8fad467c16d63d744c7bbd2b56740d4ce5b9b0e33df36fbefa46c198763d4ff,16cc29978c50d76199867a14287d94909ab61c57ac977b341bef9c2e61d3b618
vehicules/volkswagen-jetta.html,modifié,a66110e1dfc121b88ff575e5fba02f7fb88170ff8184967ce1a10d1c2155e0f1,1e38dcd647c8a64675a26102b836f42856985623e42b4af2c012890374d2e061
vehicules/vortex-airboat.html,modifié,88a7ff7e3c277dd34e4013471e4dc0c6976e37b86b6073c93ff63295045373c1,75a293330db3421b4cd11b942d5d3899d6833d97ad7f35cbb68eb47be3f9379e
vehicules/vulcar-ingot.html,modifié,c6cc8a48b9f72f4f41747dde26a6031385c887912b703bf44593795398966632,31b80e54fc76dbfd218ee9d88f5d9d968aa317f98962dad970abce4f142e9d0a
vehicules/water-taxi.html,modifié,235db64041ebeb836751bf77282b027d96c07b11574985cdfaca4ce304af79ec,215489e98d2b41a05b1eb19a6d249eaf9a4dca8f64dfcbf325d8a01e1058adc3
vehicules/western-company-duster.html,modifié,373472bdd08afd4e4772bd7fe6590c814a64e58f63a6a47d4dd9701c09c6196a,0c805766309f59575eb419b8d374987b6a66186761620e7570931c3d8882f654
vehicules/western-nightblade.html,modifié,84064555640b433c93c1f4707c78760eebae792e8c0dcaf5dc8708dfc72b81bf,7210fd99613d0ca225b93cccbf1fa76ba2b2fa49aa16f624e122f7df3f666083
vehicules/western-sea-sparrow.html,modifié,c9112b30a16c553cc9d687c6d4c354be1ca69309e7bdde15604c781350423e25,f77e45bcd01bd82f9a504c463c8478831768a72214d5d77fb0752833f66acfcc
vehicules/western-sovereign.html,modifié,038214bd73f4a9e7a5c351e5664c0a4bf80e823ea2bdab0bb2802cb136ef37a9,a61eb40f66579144de3b827d331b28dcc01eaceee4b126448ebf6cda79c32530
vehicules/western-zombie-chopper.html,modifié,72f0b22fffb2000b2eddaf70f098b8a682d564fec887e1cc58adc08f9ee0d50b,b1993c7a032a5b231042810f59935916e098b41bf677a986565b62798fe4780f
vehicules/willard-faction-custom-donk.html,modifié,7a0a503dedce16a6bfd5b3efbd5f6d9af7bb37f958b9c7c012890ca883d950a8,589e1c29b734996281ea580a38b890a84359cecada37d1f3b06befd7af020c91
vehicules/willard-faction.html,modifié,66b65189e1f1498334af4e375fd3c3701a6c7aa30e1f6960638a4f0d282587bb,a998c6126c4681a8ef11629942a0c79e22639a8633b7f1076b73766564d3c192
vehicules/xero-blimp.html,modifié,be9a63789b3ca65baa547887db4b9f900ca0c10c8faeda870aa85222bd67dfc5,3a47d008b2771bf455b740503ff08e5ccb65ed88e8840685cef016adc50db22d
vehicules/yamaha-bws-125.html,modifié,2b9cde66fb9526d11ac835ec25918986a0fb1775989d5e352e17d109f8f81423,e05c9dd8c3875d30ecb8f65a68b32f77e5b6c86debc22ffa14e9da12be0a3721
vehicules/zirconium-journey-ii.html,modifié,66a5c46910143dd3ee065a4fbdb61a2f4f707b88fe20bfd4848a176b32bf879f,a2c53e95433acf4d672edc06fca3dbf182767b6848656108cb2561c6c3664eb7
vehicules/zirconium-journey.html,modifié,0563ef2e2cebb7f329d384d06974759e3cfe3b043a33e3449adb2403ec0d5c0b,ba496f09fac7a6d672599fc71932d6ce615d36c6935f8ff46df498cea95b795b
vercel.json,créé,,09e31a65c407186d9c2836a9bb348cff8b43a1c8ac9c0aa099b8cbbc0ff421e0
audit/changements-fichiers.csv,créé,,voir contenu de l’archive
audit/inventaire-fichiers.csv,créé,,voir contenu de l’archive
